item	severity	issue	current_pinyin	proposed_pinyin	current_translation	proposed_translation	note
氫	5	wrong_sense	qīng		ammonia	hydrogen	氫 is hydrogen; ammonia is 氨.
離	5	wrong_sense	lí		rare beast; strange; elegant	to leave, to part from; to be away from; distance from	Translation describes 螭/魑-type sense; main meaning 'leave/separate' missing.
为	4	sense_of_other_reading	wèi	wèi	to do, to act; to handle, to govern; to be	for; because of; on behalf of; in order to	Translation gives wéi senses (to do, to be) under reading wèi; HSK1 为什么 uses wèi.
佛	4	reading_wrong	fú	fó	Buddha; Buddhist		Main reading is fó (佛教); fú only in 仿佛.
劃	4	sense_of_other_reading	huà		to row or paddle a boat; to scratch; to plan; profitable	to delimit, to mark off; to transfer (funds); to plan; stroke (of a character)	'to row/paddle, to scratch, profitable' belong to huá (划船, 划算); the huà senses are missing apart from 'plan'.
呔	4	wrong_sense	dāi		tire; neck-tie	hey! (interjection to call attention)	'tire; necktie' is a Cantonese usage (tāi); in Mandarin, dāi is an interjection.
啥	4	reading_wrong	shà	shá	what?	what	The standard reading is shá (second tone).
夸	4	main_sense_missing	kuā		extravagant, luxurious; handsome	to praise; to boast, to exaggerate	Main modern senses 'praise/boast' missing; listed senses are archaic.
妳	4	reading_wrong	nǎi	nǐ	you (female)	you (female)	Modern standard reading is nǐ (variant of 你); nǎi is archaic.
寤	4	wrong_sense	wù		few, scarce; empty, deserted	to wake up; awake	Given meaning belongs to 寥; 寤 means to awaken.
巿	4	wrong_sense	fú	fú	to revolve, to turn, to make a circuit	ancient ceremonial knee-cover, sacrificial apron	'to revolve, make a circuit' is 帀 (zā); 巿 fú means the ancient ceremonial knee-cover (=韨).
帆	4	wrong_sense	fān		boat; to sail	sail (of a boat); sailing boat	Primary meaning is 'sail', not 'boat'.
幀	4	reading_wrong	zhèng	zhēn	picture, scroll; one of a pair	frame (of picture/video); classifier for paintings, scrolls	XHC reads zhēn; 'one of a pair' is incorrect.
捂	4	wrong_sense	wǔ		to resist	to cover (with the hand), to muffle, to seal up	捂 means to cover/muffle; 'to resist' belongs to 忤.
擘	4	reading_wrong	bāi	bò	thumb; to rip, to tear; to split, to analyze	thumb; to split, to tear apart	Main modern reading is bò (巨擘); bāi is only a variant of 掰, and 'thumb' belongs to bò.
會	4	main_sense_missing	huì		to assemble, to meet; meeting; association, group	can, to be able to, will, likely to; to meet; meeting, association	Core HSK1 sense 'can/be able to' missing.
椎	4	reading_wrong	chuí	zhuī	spine, vertebra; hammer, mallet	vertebra; spine	Main reading zhuī (脊椎); chuí only for hammer sense.
楂	4	sense_of_other_reading	zhā	zhā	raft; to hew, to fell trees	hawthorn (in 山楂)	'raft; hew' belongs to chá.
機	4	wrong_sense	jī		desk; machine; moment, opportunity	machine; opportunity, moment; aircraft	'desk' belongs to 几 (conflated via simplified 机), not 機.
檬	4	main_sense_missing	méng		a type of locust tree	lemon (in 柠檬)	Modern use is almost only in 柠檬 (lemon); 'locust tree' is obscure.
氢	4	wrong_sense	qīng		ammonia	hydrogen	氢 is hydrogen; ammonia is 氨.
沈	4	reading_wrong	chén	shěn	to sink, to submerge; addicted; surname	surname Shen; Shenyang (abbr.)	In simplified Chinese 沈 is shěn. The chén reading and 'to sink' come from its use as a traditional variant of 沉.
瀋	4	reading_wrong	chén	shěn	to sink, to submerge; addicted; surname	juice; Shenyang (place name)	瀋 is shěn; the listed senses belong to 沉.
炔	4	reading_wrong	guì	quē	acetylene	alkyne	guì is only the surname reading; the chemistry sense is read quē. Acetylene is 乙炔.
盡	4	reading_wrong	jǐn	jìn	to exhaust, to use up, to deplete		盡 = jìn (exhaust); jǐn is 儘.
着	4	sense_of_other_reading	zhe		to make a move, to take action	aspect particle indicating a continuing action or state (-ing)	'To make a move' is the zhāo reading's meaning. With zhe, 着 is the durative particle.
禦	4	wrong_sense	yù		chariot; to drive, to ride; to manage	to resist, to defend against, to ward off	Given senses belong to 御; 禦 means resist/defend (防禦, 抵禦).
离	4	main_sense_missing	lí		rare beast; strange; elegant	to leave, to part from; away from, distant from	Main senses 'leave; distance from' missing; listed are archaic.
缨	4	wrong_sense	yīng		tassel, ribbon; to bother, to annoy	tassel; ribbon; tassel-like thing	'to bother, to annoy' is a meaning of 撄, not 缨.
罈	4	wrong_sense	tán		altar; arena; examination hall	earthen jar, urn	The altar/arena senses belong to 壇; 罈 means a jar.
著	4	reading_wrong	zhe	zhù	to show, to prove, to make known	to write, to compose; famous, outstanding; to show, to make known	The meanings listed belong to zhù, not the particle reading zhe.
蚝	4	main_sense_missing	háo		a poisonous hairy caterpillar	oyster	Modern meaning is oyster (蚝油); caterpillar sense is archaic.
袱	4	wrong_sense	fú		apants; trousers; panties	cloth wrapper, bundle cloth (as in 包袱)	Stored meaning 'pants/trousers' is wrong (and has a typo); 袱 is a wrapping cloth.
要	4	main_sense_missing	yào		essential, necessary; to ask for; to coerce; to demand	to want; to need; will, going to; must; important, essential	Core HSK1 sense 'to want/will' missing; 'to coerce/demand' belong to yāo reading.
註	4	wrong_sense	zhù		to concentrate, to focus	to annotate, to explain with notes; note, commentary; to register	'concentrate, focus' belongs to 注 (注意), not 註; 註 = annotate/register (註解, 註冊).
还	4	sense_of_other_reading	hái		also, besides; still, yet; to return	still, yet; also, in addition; even more	'to return' is huán, not hái
鎬	4	sense_of_other_reading	gǎo		stove; bright	pick, pickaxe	gǎo = pickaxe (十字镐); 'stove; bright' belong to hào (鎬京).
锎	4	wrong_sense	kāi		caesium	californium (chemical element)	锎 is californium (Cf); caesium is 铯.
長	4	reading_wrong	zhǎng	cháng	long, lasting; to excel in	long, lengthy; length; to be good at	Translation gives cháng senses but pinyin is zhǎng.
长	4	reading_wrong	zhǎng	cháng	long, lasting; to excel in	long; lasting; length; to excel in	Meanings 'long, lasting' are the cháng reading (main modern/HSK reading); zhǎng means to grow/elder/chief.
险	4	main_sense_missing	xiǎn		narrow pass, strategic point	dangerous, risky; danger; narrow pass	Main meaning 'dangerous' missing.
險	4	main_sense_missing	xiǎn		narrow pass, strategic point	danger, dangerous, risky; nearly; narrow pass	The main modern meaning 'danger/risky' (危险) is missing; the only meaning given is the secondary sense 'narrow pass'.
颱	4	wrong_sense	tái		platform; unit; term of address	typhoon	颱 only means typhoon (颱風); platform/unit/term of address are senses of 台.
鬆	4	wrong_sense	sōng		pine tree; fir tree	loose, slack; to loosen, to relax	'Pine tree' belongs to 松, not 鬆. 鬆 means loose/relax (they merge only in simplified).
鹛	4	wrong_sense	méi		cormorant	babbler (bird)	鹛 is babbler (画眉 etc.), not cormorant (鸬鹚).
麵	4	wrong_sense	miàn		face; surface, side; plane, dimension	noodles; flour	麵 is only the noodle/flour sense of 面; face/surface/side belong to 面, not 麵.
丧	3	reading_wrong	sàng	sāng	mourning; mourn; funeral	mourning; funeral	Mourning and funeral are sāng. sàng means 'to lose' (丧失).
串	3	wrong_sense	chuàn		string; relatives; to conspire	to string together; string, bunch, cluster (measure word)	'relatives' comes from 串亲戚 (to visit relatives) and isn't a meaning of the character. 'To conspire' only exists in compounds like 串通.
乐	3	sense_of_other_reading	lè	lè	cheerful, happy, laughing; music	happy, cheerful, joyful; to laugh	'music' is the yuè reading
乾	3	sense_of_other_reading	gān		arid, dry; to fertilize; to penetrate; heavenly generative principle (male)	dry, arid	'to fertilize; to penetrate; heavenly generative principle (male)' belong to the qián reading (乾坤), not gān.
亲	3	grading_loophole	qīn		relatives, parents; intimate; the hazelnut tree	relatives, parents; close, intimate; to kiss	'the hazelnut tree' is an archaic, obscure sense and shouldn't be an accepted answer.
仆	3	sense_of_other_reading	pú	pú	to fall forward; prostrate, prone; servant	servant	'to fall forward; prostrate, prone' belong to the reading pū; with pú the main sense is servant (from 僕), which should be first/only.
仔	3	main_sense_missing	zǐ	zǐ	small thing, child; young animal	careful, meticulous (as in 仔细); young (of livestock)	Main zǐ sense (仔细) missing; 'young animal/child' is mostly zǎi (猪仔).
仡	3	sense_of_other_reading	gē	gē	strong; valiant, brave	used in 仡佬 (Gelao ethnic group)	'strong, brave' belongs to reading yì; gē is used only in 仡佬.
份	3	main_sense_missing	fèn		job, part, role; duty	portion, share; measure word for portions, copies (newspapers, documents), gifts	Main measure-word sense missing; 'job, role, duty' misleading.
伫	3	wrong_sense	zhù		to wait; to look towards; to turn one's back on	to stand for a long time; to wait	'to turn one's back on' is wrong; the main sense of standing is missing.
估	3	misleading_first_sense	gū		merchant; to estimate, to guess, to presume	to estimate, to guess, to presume	'merchant' is archaic and listed first; remove.
似	3	reading_wrong	shì	sì	resembling, similar to; as if, to seem		Main reading is sì; shì only in 似的.
伽	3	sense_of_other_reading	jiā		temple; used to transliterations	used in transliterations (e.g. Galileo 伽利略)	'temple' is the qié reading (伽蓝); jiā is only for transliterations. Typo 'used to'.
佇	3	wrong_sense	zhù		to wait; to look towards; to turn one's back on	to stand for a long time; to wait; to look towards	'to turn one's back on' is not a sense of 佇.
佣	3	sense_of_other_reading	yōng	yōng	to hire, to employ; commission; servant	to hire, to employ; servant	'commission' is yòng (佣金).
佬	3	wrong_sense	lǎo		elder; mature	guy, fellow (often derogatory)	佬 means fellow/guy (阔佬, 鬼佬), not elder/mature.
侗	3	main_sense_missing	dòng		big; ignorant, rude, rustic	Dong ethnic group	dòng is mainly 侗族; 'ignorant, rude' belongs to tóng/tǒng.
供	3	sense_of_other_reading	gōng		to supply, to provide for; to offer in worship	to supply, to provide, to offer	'offer in worship' is the gòng reading (供奉, 上供).
俄	3	main_sense_missing	é		sudden, abrupt; used in transliterations	Russia, Russian; suddenly, very soon (literary)	Main modern meaning 'Russia' is missing.
俏	3	wrong_sense	qiào		to resemble; similar, alike; pretty	pretty, smart-looking; selling well, in demand	'Resemble/similar' belongs to 肖.
俟	3	reading_wrong	qí	sì	wait for, wait until, as soon as	to wait for	Main reading is sì; qí only in the surname 万俟.
倍	3	main_sense_missing	bèi		to double; to increase or multiply	times, -fold (multiplier); to double	Main modern sense '-fold/times' (两倍) missing.
倒	3	sense_of_other_reading	dào	dǎo	to collapse, to fall over; to lie down	to fall over, to collapse; to change (trains etc.)	Meanings given are for dǎo; dào means to pour, upside down, contrary. Either change pinyin to dǎo or change translation to 'to pour; upside down, inverted'.
假	3	sense_of_other_reading	jiǎ		fake, false, deceitful; vacation	fake, false, artificial; to borrow; if, suppose	'vacation' belongs to reading jià (假期/放假), not jiǎ.
偈	3	sense_of_other_reading	jì		brave; martial; hasty; scudding	Buddhist verse, gatha	With reading jì the meaning is Buddhist hymn (偈子/偈语); 'brave, martial, hasty' belongs to the classical jié reading.
傀	3	sense_of_other_reading	kuǐ		great, gigantic; puppet	puppet	'great, gigantic' belongs to the guī reading (傀伟); kuǐ = puppet (傀儡).
傢	3	wrong_sense	jiā		stubborn, obstinate, intransigent	furniture; tool (in 傢具, 傢伙)	'stubborn' is wrong; 傢 is used in 傢伙/傢具.
傩	3	wrong_sense	nuó		rich	exorcism ritual; nuo ritual drama (傩戏)	'rich' is not the modern meaning of this character. It refers to the exorcism rite and nuo opera.
儘	3	wrong_sense	jǐn		to exhaust, to use up, to deplete	to the utmost, as much as possible; within the limits of	'exhaust, use up' is 盡 jìn, not 儘 jǐn.
儺	3	wrong_sense	nuó		rich	exorcism ritual (to drive away plague demons)	Main sense is the exorcism ritual; 'rich' is wrong.
兀	3	misleading_first_sense	wù		weak; lame	towering, rising high; bald	The main modern sense is towering (突兀, 兀立); 'weak; lame' is minor or archaic.
克	3	main_sense_missing	kè		to subdue, to restrain, to overcome; used in transliterations	gram; to overcome, to subdue; can, to be able to; used in transliterations	Main modern sense 'gram' (and 'can') missing.
冯	3	sense_of_other_reading	féng		to gallop; by dint of; surname	surname Feng	In modern usage 冯 féng is only a surname. 'To gallop' and 'by dint of' belong to the classical reading píng (凭).
凌	3	wrong_sense	líng		pure; virtuous; to insult; to maltreat	to insult, to maltreat; to rise high; ice	'Pure' and 'virtuous' are not modern senses of 凌. The main senses are 欺凌 (to bully, to insult), 凌空 (to rise high) and ice.
処	3	sense_of_other_reading	chǔ	chù	place, locale; department	place, locale; department	Variant of 处; 'place/department' belongs to chù. With chǔ, meaning should be 'to dwell; to get along; to handle; to punish'.
刅	3	sense_of_other_reading	chuāng		to create, to make, to invent	wound	Variant of 创; chuāng = wound. 'Create' is chuàng.
切	3	reading_wrong	qiè	qiē	to cut, to mince, to slice, to carve; close to; eager	to cut, to slice, to chop	Cutting senses are qiē; qiè (close to, eager) is a secondary reading mixed in.
划	3	sense_of_other_reading	huà	huá	to row or paddle a boat; to scratch; to plan; profitable	to row, to paddle; to scratch; to be worth it (划算)	Rowing, scratching and 'profitable' belong to the huá reading. With huà the meanings are 'to plan, to divide, to delimit' (计划, 划分). The main HSK sense uses huá.
刘	3	misleading_first_sense	liú		to kill, to destroy; surname	surname Liu	'to kill' is archaic; character is essentially a surname in modern use.
创	3	sense_of_other_reading	chuàng	chuàng	to establish, to create; cut, wound, trauma	to create, to establish, to initiate	'cut, wound, trauma' belongs to the chuāng reading (创伤).
刨	3	sense_of_other_reading	páo	páo	carpenter's plane; plane, level	to dig, to excavate; to deduct, to exclude	'Carpenter's plane / to plane' is the bào reading; with páo, the meaning should be 'to dig'. Or switch the reading to bào and keep the plane meaning.
刹	3	sense_of_other_reading	shā	shā	temple, shrine, monastary; an instant, a moment; to brake	to brake, to stop	'temple, monastery' and 'an instant' belong to the chà reading (寺刹, 刹那). With shā, only 'to brake' is right, and it should be the first meaning.
削	3	reading_wrong	xuē	xiāo	to pare, to scrape, to trim	to peel, to pare, to cut, to trim	The main modern reading is xiāo; xuē appears only in literary compounds (剥削, 削弱).
剎	3	sense_of_other_reading	shā		temple, shrine, monastary; an instant, a moment; to brake	to brake; to stop	Temple and instant senses belong to chà (古刹, 刹那); shā is only for braking.
剡	3	reading_wrong	shàn	yǎn	sharp, pointed; to sharpen	sharp, pointed; to sharpen	shàn is only for place names (剡溪). The 'sharp' sense is yǎn.
創	3	sense_of_other_reading	chuàng		to establish, to create; cut, wound, trauma	to establish, to create, to initiate; creative	'cut, wound, trauma' is chuāng (创伤), not chuàng.
劉	3	misleading_first_sense	liú		to kill, to destroy; surname	surname Liu	Today it is almost only used as the surname Liu. 'To kill' is archaic and shouldn't be listed first.
劐	3	wrong_sense	huō		to destroy	to slit, to cut open (with a knife)	Means to slit open with a knife (劐开); 'destroy' is wrong.
劲	3	sense_of_other_reading	jìn	jìn	strong, tough, unyielding; power, energy	strength, energy; spirit, drive; interest	'strong, tough, unyielding' belongs to the jìng reading (刚劲, 劲敌).
勁	3	sense_of_other_reading	jìn		strong, tough, unyielding; power, energy	strength, energy; vigor, spirit; interest, relish	'strong, tough, unyielding' is the jìng reading (劲敌); jìn = strength/energy.
勐	3	wrong_sense	měng		imperial decree; daoist magic	small principality or district (Dai areas, in place names like 勐海)	The stored meaning is wrong. 勐 is a Dai word used in place names.
勒	3	misleading_first_sense	lēi	lè	to strangle; to tighten	to rein in; to force, compel; to carve	Main modern reading is lè (勒令, 勒索); lēi is colloquial secondary reading.
勦	3	reading_wrong	chāo	jiǎo	to annihilate, to destroy, to exterminate	to annihilate, to exterminate, to wipe out	The 'annihilate' sense (=剿) is read jiǎo. chāo is a minor reading meaning 'to plagiarise' (剿袭).
博	3	misleading_first_sense	bó		to gamble, to play games; to win; rich, plentiful, extensive; wide, broad	extensive, broad, rich, plentiful; learned; to gamble	Main modern sense is extensive/broad (博学, 博物); 'to gamble' is an old or minor sense. 'to win' only appears in set phrases like 博得.
卟	3	wrong_sense	bǔ		a chemical compound; divination; to consider	used in 卟啉 (porphyrin)	'divination; to consider' belong to 卜/other chars; 卟 only appears in porphyrin.
卢	3	wrong_sense	lú	lú	cottage, hut; black; surname	surname Lu	'cottage, hut' belongs to 庐; modern 卢 is essentially a surname.
厉	3	misleading_first_sense	lì		whetstone; to grind, to sharpen, to whet	strict, severe, stern; fierce	Main modern sense is strict/severe (严厉, 厉害); 'whetstone' is archaic.
厚	3	main_sense_missing	hòu		generous; substantial; deep (as a friendship)	thick; deep (as a friendship); generous; substantial	The basic meaning 'thick' is missing.
厥	3	main_sense_missing	jué		personal pronoun; he, she, it	to faint, to lose consciousness	Modern sense is 'to faint' (昏厥, 晕厥); the pronoun meaning is classical Chinese, and 'he/she/it' would accept a wrong answer.
厲	3	main_sense_missing	lì		whetstone; to grind, to sharpen, to whet	strict, severe; stern; fierce, harsh	Main modern sense (strict/severe) missing; whetstone/sharpen is archaic original sense.
参	3	sense_of_other_reading	cān		to take part in, to intervene; ginseng	to take part in, to join; to consult, to refer to	'ginseng' is shēn (人参), not cān.
參	3	sense_of_other_reading	cān		to take part in, to intervene; ginseng	to take part in, to join; to consult, to refer to	'ginseng' is the shēn reading (人參).
发	3	sense_of_other_reading	fā		to issue, to dispatch, to send out; hair	to send out, to issue; to emit; to develop	'Hair' is fà (头发), not fā.
吐	3	sense_of_other_reading	tǔ	tǔ	to vomit, to spew out, to cough up; to say	to spit, to spit out; to say, to tell	'To vomit' is tù; tǔ means spit out or utter.
吡	3	misleading_first_sense	bǐ		to blame	used in chemical names (e.g. 吡啶 pyridine, 吡咯 pyrrole)	'to blame' is an old dictionary sense and isn't used today. In modern Mandarin 吡 appears almost only in chemical names.
吧	3	reading_wrong	bā	ba	emphatic final particle	final particle (suggestion, softening)	The particle is read with a neutral tone (ba); bā is only for sound words and loanwords like 酒吧.
吭	3	sense_of_other_reading	kēng		throat	to utter a sound, to say a word (as in 不吭声)	'Throat' belongs to the reading háng (引吭高歌). With kēng, the meaning is to make a sound.
吲	3	main_sense_missing	yǐn		to smile at; to sneer at	used in 吲哚 (indole)	The modern use is only the chemical term indole; the 'smile/sneer' senses are archaic.
呆	3	main_sense_missing	dāi		dull, simple, stupid	dull, slow-witted; blank; to stay	The common modern meaning 'to stay' (呆在家) is missing.
呒	3	reading_wrong	fǔ	m̄	unclear; an expletive	(dialect) not to have (as in 呒没)	fǔ is archaic; the modern entry is m̄, a Wu dialect word meaning 'not have'.
呙	3	wrong_sense	guō	guō	to chat, to gossip, to jaw, to talk; mouth	surname Guo	Chat/gossip/mouth senses are not standard modern meanings; mainly a surname.
呛	3	sense_of_other_reading	qiāng		choking, as by smoke; something that irritates the nose or throat	to choke (on food, water or smoke)	'Irritates the nose or throat' is the qiàng reading.
周	3	main_sense_missing	zhōu		Zhou dynasty; circumference	week; circuit, circumference; all around; thorough; Zhou dynasty	Main modern sense 'week' missing; dynasty listed first.
呱	3	reading_wrong	gū	guā	to wail, to cry; to swear at	croak (of frogs); cry of a baby	Main reading is guā (呱呱叫); gū only in 呱呱坠地. 'To swear at' is wrong.
呲	3	sense_of_other_reading	cī		to grimace; to bare one's teeth	to scold, to rebuke (dialect)	Xiandai Hanyu Cidian (XH): cī means to scold; 'bare one's teeth' is the zī reading (same as 龇).
呷	3	reading_wrong	gā	xiā	to swallow, to suck, to drink	to sip, to drink	The main reading is xiā (to sip). gā is only the onomatopoeia for a duck's quack (呷呷).
咋	3	sense_of_other_reading	zǎ		question-forming particle: why? what? how?; to bite; loud	how? why? what? (colloquial)	'to bite' (zé) and 'loud' (zhā) belong to other readings.
咯	3	reading_wrong	gē	lo	final particle	final particle (indicating obviousness); gē: clucking sound	The sentence-final particle is read lo. The gē reading is for the onomatopoeia 咯咯, and kǎ is the reading in 咯血.
咳	3	reading_wrong	hāi	ké	to cough	to cough	In the sense 'to cough' the reading is ké. hāi is only an interjection.
咸	3	misleading_first_sense	xián		all, together, united; salted	salty, salted	Main modern meaning is salty; 'all, together' is literary.
咽	3	sense_of_other_reading	yàn	yān	throat; pharynx	throat; pharynx	The noun 'throat/pharynx' is read yān. yàn means 'to swallow'.
哄	3	sense_of_other_reading	hōng	hǒng	to coax; to beguile, to cheat, to deceive; tumult, uproar	to coax; to deceive	The coax/deceive senses are read hǒng, and 'uproar' is read hōng or hòng. The row mixes senses from different readings.
哇	3	reading_wrong	wa	wā	to vomit; an infant's cry	wow (exclamation of surprise); sound of crying	Neutral-tone wa is only the particle; main reading is wā. 'to vomit' is classical.
哕	3	reading_wrong	huì	yuě	to belch; to vomit	to retch; to vomit; to belch	Main modern reading is yuě; huì is only used for a bird-call sound.
哗	3	reading_wrong	huā	huá	uproar, tumult, hubbub	uproar, clamor, hubbub	Uproar sense (喧哗) is huá; huā is onomatopoeia (哗啦).
哩	3	reading_wrong	lī	lǐ	mile	mile (old term for 英里)	The 'mile' meaning is read lǐ. lī only appears in 哩哩啦啦, and the main modern use is the neutral-tone particle li.
哳	3	wrong_sense	zhā		the sound of ripping or giggling	(onomatopoeia) twittering, chattering (as in 嘲哳)	This meaning was copied from 哧 and is wrong for 哳.
唔	3	wrong_sense	wú	ńg	to hold in the mouth; bite	(interjection) hmm, well; (in 咿唔) sound of reading aloud	'hold in the mouth; bite' is not a meaning of 唔; the main use is the interjection.
唝	3	wrong_sense	gòng		to sing	used in place names (唝吥 Kampot)	'To sing' is not a meaning of 唝 gòng.
唠	3	sense_of_other_reading	láo		to chat, to gossip, to jaw, to talk	to nag, to chatter (as in 唠叨)	'To chat/gossip' is the lào reading; láo is used in 唠叨.
唿	3	wrong_sense	hū		sad	to whistle (as in 唿哨)	'sad' is not a modern meaning; the character is used in 唿哨 'whistle'.
啁	3	reading_wrong	zhāo	zhōu	to chirp, to twitter	to chirp, to twitter (啁啾)	The chirp meaning belongs to zhōu (啁啾); zhāo is only used in 啁哳.
啉	3	wrong_sense	lín		stupid; slow	used in chemical names, e.g. 喹啉 quinoline	The modern use is only in chemical names; 'stupid; slow' is not a modern meaning.
啜	3	reading_wrong	chuài	chuò	to drink, to sip; to sob, to weep	to sip, to drink; to sob	The main reading is chuò (啜泣, 啜饮). chuài is only a surname.
喇	3	wrong_sense	lǎ		horn, bugle; llama; final particle	horn, trumpet (in 喇叭); lama (in 喇嘛)	'llama' is the animal; 喇嘛 is lama. 'final particle' is Cantonese, not Mandarin.
喪	3	reading_wrong	sàng	sāng	mourning; mourn; funeral	mourning; funeral	Mourning/funeral senses are read sāng; sàng means 'to lose'. Either change the pinyin to sāng or change the meaning to 'to lose'.
喱	3	main_sense_missing	lí		gram; the weight of one grain	used in 咖喱 (curry); grain (unit of weight)	'gram' is wrong (gram = 克); the main modern use is in 咖喱.
喳	3	sense_of_other_reading	zhā		to whisper	chirping, chattering (onomatopoeia)	'to whisper' is the chā reading (嘁嘁喳喳); zhā is the onomatopoeia for chirping.
嗄	3	reading_wrong	á	shà	hoarse	hoarse (voice)	'Hoarse' is read shà; á is only an interjection, the same as 啊.
嗌	3	sense_of_other_reading	ài		throat; to quarrel, to choke	to choke	'throat' is the yì reading; 'to quarrel' is Cantonese usage.
嗒	3	sense_of_other_reading	dā		absent-minded	(onomatopoeia) click, clop	'absent-minded' is tà (嗒然).
嗝	3	main_sense_missing	gé	gé	the cackling of a fowl; to gag, to vomit	hiccup; burp, belch	main modern sense is hiccup/burp (打嗝)
嗦	3	main_sense_missing	suo	suō	to suck	used in 哆嗦 (to tremble) and 啰嗦 (long-winded)	The dictionary reading is suō. 'To suck' is only a regional sense.
嘁	3	wrong_sense	qī		ashamed; grieving; onomatopoetic	(sound of whispering or chattering), as in 嘁嘁喳喳	'Ashamed; grieving' is a meaning of 戚, not 嘁.
嘞	3	wrong_sense	lei		final particle used to indicate polite refusal	sentence-final particle expressing affirmation or agreement (e.g. 好嘞 'OK, will do!')	嘞 is a light-tone particle that agrees or confirms, like 了/喽. It does not mean a polite refusal.
嘩	3	reading_wrong	huā	huá	uproar, tumult, hubbub		Uproar sense (喧哗) is huá; huā is onomatopoeia.
嘬	3	reading_wrong	chuài	zuō	to lap; to suck	to suck; to purse (the lips)	Main modern reading is zuō; chuài is a rare literary reading.
嘶	3	unusable	sī		the neighing of a hoarse, gravel-voiced, hoarse	to neigh; hoarse	Translation is garbled.
嘿	3	sense_of_other_reading	hēi		quiet, silent	hey (interjection); heh (laugh)	'quiet, silent' is the mò reading (=默).
噁	3	sense_of_other_reading	ě		bad, wicked; foul, nauseating	nauseated, disgusted (as in 噁心)	'bad, wicked' is the meaning of 惡 è, not 噁 ě.
噔	3	wrong_sense	dēng		for (a recipient of pity or sympathy); surname	(onomatopoeia) thud, thump; sound of heavy footsteps	噔 is an onomatopoeia (噔噔噔); stored gloss belongs to another character and includes stray 'surname'.
噢	3	misleading_first_sense	ō		to moan; interjection indicating pain or sadness	oh! (interjection of realization or understanding)	Main modern use is 'oh' when you realise something, not moaning or pain.
噦	3	reading_wrong	huì	yuě	to belch; to vomit	to retch, to vomit; to belch	Main modern reading of 哕 is yuě (干哕); huì only in literary 哕哕 (bell sound).
噫	3	sense_of_other_reading	yī		belch; interjection of approval	alas; oh (interjection of sorrow or surprise)	'Belch' belongs to the ài reading. 'Approval' is wrong.
噹	3	wrong_sense	dāng		appropriate, timely; to act, to serve; the sound of bells	clang, ding-dong (sound of bells or metal)	'appropriate; to serve' belong to 當; 噹 is only an onomatopoeia.
嚼	3	reading_wrong	jué	jiáo	to prattle, to be glib	to chew	The main reading is jiáo, 'to chew'. jué is the literary reading used in 咀嚼, and 'prattle' is a sense of jiào/jiáo.
地	3	sense_of_other_reading	de	dì	earth, ground, soil; land, region; structural particle used before a verb	earth, ground; land, region	The earth/land senses are read dì. The reading de belongs only to the structural particle.
坷	3	sense_of_other_reading	kě		uneven, bumpy; a clod of earth; a lump of soil	uneven, bumpy (as in 坎坷)	clod-of-earth sense is kē (坷垃).
垩	3	wrong_sense	è		chalk; to daub with chalk; holy, sacred, sagacious	chalk, white clay; to whitewash	'holy, sacred, sagacious' is wrong (confused with 圣).
埂	3	wrong_sense	gěng		ditch (for irrigation); hole	ridge between fields; low embankment; long narrow mound	埂 is a raised ridge (田埂), not a ditch or hole.
堊	3	wrong_sense	è		chalk; to daub with chalk; holy, sacred, sagacious	chalk; white earth; to whitewash	The alternative 'holy, sacred, sagacious' is wrong and would accept wrong answers.
堞	3	grading_loophole	dié		battlement; plate	battlement, parapet	'plate' belongs to 碟.
堿	3	main_sense_missing	jiǎn		salty	alkali, soda; alkaline	The main meaning is alkali. 'Salty' alone is misleading.
塞	3	sense_of_other_reading	sāi		to stop up, to seal, to cork, to block; pass, frontier; fortress	to stop up, to seal, to cork, to block; to stuff, to squeeze in	'pass, frontier; fortress' belong to sài (边塞, 要塞), not sāi.
塲	3	reading_wrong	cháng	chǎng	field, market, open space		Variant of 场; the stored meanings (field, market, open space) go with chǎng, the main modern reading.
处	3	sense_of_other_reading	chù		to reside at, to live in; place, locale; department	place, location; department, office; point, aspect	'to reside at, to live in' is the chǔ reading (相处/处理); stored reading is chù.
夌	3	wrong_sense	líng		to dawdle; the name of the father of the Emperor Yao	to surpass, to cross over; to dawdle	'father of Emperor Yao' belongs to 夋, copied by mistake.
奓	3	reading_wrong	zhā	zhà	extravagant	to open, to spread	Main modern reading is zhà ('to open, to spread'); zhā is a place-name reading; 'extravagant' belongs to the shē reading (variant of 奢).
奘	3	sense_of_other_reading	zàng		fat, stout, thick; powerful, stocky	large; powerful, strong (as in 玄奘)	'fat, stout, thick, stocky' is the zhuǎng reading.
姪	3	wrong_sense	zhí		niece	nephew, brother's son	姪/侄 means nephew; niece is 侄女.
娜	3	sense_of_other_reading	nà		elegant, graceful, delicate	used in female names and transliterations (e.g. 安娜)	'elegant, graceful' belongs to nuó (婀娜); nà is the reading used in names and transliterations.
嫚	3	sense_of_other_reading	mān	màn	to scorn, to despise; to be rude to, to affront	to insult, to treat rudely	Insult sense is màn; mān means 'girl' (dialect).
嫜	3	wrong_sense	zhāng		husband's mother; the lady in the moon	husband's father, father-in-law (of a woman)	嫜 means the husband's father (姑嫜 = the husband's parents), not his mother. 'The lady in the moon' was copied from 嫦 and is wrong here.
嬪	3	wrong_sense	pín		courtesan; palace maid	imperial concubine, consort	'courtesan' is wrong.
嬴	3	wrong_sense	yíng		victory; to win; surname	surname Ying (royal clan of Qin)	victory/win belong to 贏, not 嬴
孃	3	misleading_first_sense	niáng		troubled, oppressed; fat; mother	mother; young woman, girl	troubled/fat are archaic; main sense mother (variant of 娘)
孱	3	reading_wrong	càn	chán	feeble, frail, weak; unfit	feeble, frail, weak	Main modern reading is chán (孱弱); càn only in dialectal 孱头.
宿	3	sense_of_other_reading	sù		to stop, to rest, to lodge; constellation	to stay overnight, to lodge; old, long-standing	'constellation' is xiù (星宿).
寧	3	sense_of_other_reading	níng		calm, peaceful; healthy; rather; to prefer	peaceful, tranquil, calm	'rather; to prefer' belongs to the nìng reading; 'healthy' is odd.
寻	3	wrong_sense	xún		to seek; to search for, to look for; ancient	to seek, to search for, to look for	'ancient' is wrong; the old sense is an ancient length unit (8 chi), not 'ancient'.
将	3	sense_of_other_reading	jiāng		the future, what will be; ready, prepared; a general	will, shall, about to; (literary) to take, to hold	'A general' belongs to jiàng. The main jiāng meaning ('will, shall; about to') isn't stated clearly.
將	3	sense_of_other_reading	jiāng		the future, what will be; ready, prepared; a general	will, shall, going to; to take (like 把)	'a general' is jiàng; main sense 'will/about to' missing, 'the future' misleading.
尽	3	reading_wrong	jǐn	jìn	to exhaust, to use up, to deplete	to exhaust, to use up; to the utmost; all	Meaning 'exhaust/use up' is jìn; jǐn is 'as much as possible' (尽量, 尽管). Main reading is jìn.
屏	3	sense_of_other_reading	píng	píng	screen, shield; to put aside, to reject; to hold	screen; to shield	'put aside, reject; hold (breath)' are bǐng senses (屏弃, 屏息).
峋	3	wrong_sense	xún		foothill, mountain range	rugged, jagged (of rocks/mountains, as in 嶙峋)	峋 does not mean foothill/mountain range; it occurs in 嶙峋 'jagged, craggy'.
峒	3	sense_of_other_reading	dòng	dòng	a mountain in Gansu province	cave, cavern	The mountain meaning is 崆峒 Kōngtóng, read tóng. As dòng it means cave (also used in southern minority-area place names).
崙	3	wrong_sense	lún		the Kunlun mountains in Jiangsu	used in 崑崙/昆仑 (the Kunlun mountains)	The Kunlun mountains are in western China, not Jiangsu.
崴	3	misleading_first_sense	wǎi		high, lofty, precipitous; to sprain	to sprain (ankle)	'high, lofty' is the wēi reading; for wǎi the main sense is to sprain.
嵌	3	misleading_first_sense	qiàn		valley, ravine; to fall into; to inlay, to set in	to inlay, to embed, to set in	Modern main meaning is inlay/embed; ravine sense is archaic.
嵩	3	wrong_sense	sōng		high, lofty; one of the five peaks in Hunan	lofty, high; Song Shan (mountain in Henan)	Song Shan is in Henan, not Hunan.
差	3	sense_of_other_reading	chà	chà	difference, gap; almost, nearly; in error; an officer	to fall short, to lack; poor, bad; to differ; wrong	'an officer' belongs to chāi (差役); 'difference, gap' is chā (差别/差距). Not chà senses.
帖	3	sense_of_other_reading	tiē		card, invite, notice; to fit snugly	to fit snugly; submissive, obedient	'card, invite, notice' is the tiě reading (请帖/帖子); tiē = 服帖, 妥帖.
帘	3	main_sense_missing	lián		the flag-sign of a tavern	curtain, screen, blind	Main modern meaning 'curtain' is missing; tavern flag-sign is an old sense.
帧	3	reading_wrong	zhèng	zhēn	picture, scroll; one of a pair	frame (of video/animation); classifier for paintings	Reading should be zhēn. 'One of a pair' is wrong, and the main meaning 'frame' is missing.
幢	3	reading_wrong	chuáng	zhuàng	carriage curtain; sun screen; tent; measure word for buildings	measure word for buildings; building	Measure word for buildings (main modern use) is read zhuàng; chuáng is the banner/pillar reading.
幹	3	sense_of_other_reading	gàn		arid, dry; to oppose; to offend; to invade	to do, to work; trunk, main part; capable	Listed senses belong to 乾/干 gān; the gàn senses of 幹 are missing.
幾	3	sense_of_other_reading	jǐ		small table; how many; a few, some	how many; a few, some	'Small table' is the jī reading (几), and it is listed first.
应	3	sense_of_other_reading	yīng		should, must; to respond, to handle; to deal with, to cope	should, ought to, must	respond/handle/cope belong to yìng (回应, 应付).
廖	3	wrong_sense	liào		deserted, empty, few; surname	surname Liao	'Deserted, empty, few' belongs to 寥. 廖 is essentially only a surname.
廠	3	misleading_first_sense	chǎng		cliff; factory, workshop; building	factory, workshop, plant; shed	'cliff' belongs to the radical 厂 (hǎn), not to 廠 chǎng. It misleads learners and accepts a wrong answer; 'factory' should come first.
廣	3	sense_of_other_reading	guǎng		broad, vast, wide; building, house	broad, vast, wide; extensive	'building, house' is the meaning of the radical 广 yǎn, not guǎng.
廷	3	wrong_sense	tíng		courtyard	royal court, imperial court	廷 means the imperial court (朝廷). 'Courtyard' is 庭.
弹	3	sense_of_other_reading	dàn		bullet, pellet, shell; elastic, springy	bullet, pellet, shell; bomb	'elastic, springy' belongs to tán (弹性), not dàn.
彈	3	sense_of_other_reading	dàn		bullet, pellet, shell; elastic, springy	bullet, pellet, shell; bomb	'elastic, springy' belongs to tán (弹性), not dàn.
当	3	misleading_first_sense	dāng		appropriate, timely; to act, to serve; the sound of bells	to be, to serve as; when, at the time of; ought to	'appropriate' is the dàng reading's meaning; main dāng senses are missing.
彿	3	wrong_sense	fú		similar, alike; Buddhist	as if, seemingly (in 彷彿)	'Buddhist' belongs to 佛; 彿 is used in 彷彿 (seemingly, as if).
御	3	main_sense_missing	yù		chariot; to drive, to ride; to manage	imperial, royal; to resist, to defend against; to drive (a carriage); to manage	'Chariot' is archaic and shown first; modern main senses 'imperial' (御用) and 'to resist' (防御) are missing.
徼	3	sense_of_other_reading	jiǎo	jiào	border, frontier; to inspect, to patrol	border, frontier; to patrol	'Border; to patrol' is the jiào reading; jiǎo = 侥 (to seek luck, 徼幸).
忒	3	sense_of_other_reading	tè	tuī	excessive (in a bad way); to err, to make a mistake	too, overly (colloquial)	The main modern use is colloquial tuī/tēi 'too'; 'excessive' belongs to that reading, while tè is the literary reading 'to err'.
忪	3	wrong_sense	sōng		calm, peaceful; quiet, tranquil	sleepy-eyed (in 惺忪)	sōng only occurs in 惺忪; 'calm, peaceful' is wrong. zhōng (怔忪) = frightened.
怦	3	wrong_sense	pēng		ardent, eager; impulsive, bold	(of the heart) pounding, thumping	怦怦/怦然 = the sound of a pounding heart; 'ardent, bold' is wrong.
怫	3	main_sense_missing	fú		anxious; depressed; sorry	angry, indignant	怫 fú mainly means angry (怫然); the stored glosses are off.
总	3	misleading_first_sense	zǒng		to gather, to collect; overall, altogether	always; total, overall; general, chief; to gather, to sum up	Main modern senses 'always', 'total/overall', 'chief/general' should come first; 'always' is missing.
恶	3	sense_of_other_reading	è		bad, evil, wicked; to hate, to loathe; foul, nauseating	bad, evil, wicked; fierce, ferocious	'to hate/loathe' is wù (厌恶); 'nauseating' is ě (恶心).
惡	3	sense_of_other_reading	è		bad, evil, wicked; to hate, to loathe; foul, nauseating	bad, evil, wicked; fierce, ferocious	'to hate, to loathe' is wù and 'nauseating' is ě; they shouldn't be accepted for è.
慄	3	wrong_sense	lì		chestnut tree; chestnuts; surname	to tremble, to shiver (with fear)	The chestnut senses belong to 栗; 慄 means to tremble.
慊	3	sense_of_other_reading	qiàn		satisfied, content	dissatisfied, resentful	qiàn means dissatisfied; 'satisfied' belongs to the qiè reading.
憷	3	wrong_sense	chù		painful; privation, suffering	to be afraid, to feel timid	Modern meaning is 'to fear, to be timid' (发憷); 'painful, privation, suffering' is wrong.
應	3	sense_of_other_reading	yīng	yīng	should, must; to respond, to handle; to deal with, to cope	should, ought to, must	respond/handle/deal with/cope are yìng senses, but the stored reading is yīng.
懊	3	wrong_sense	ào		vexed; regretful; nervous	regretful, remorseful; annoyed, vexed	'nervous' is wrong and would accept a clearly wrong answer.
懞	3	wrong_sense	méng		to cover; to deceive; Mongolia	honest, simple; (variant of 蒙) to cover, to deceive	'Mongolia' is wrong for this character.
戗	3	sense_of_other_reading	qiāng		to support	to go against (the wind); to clash verbally, to quarrel	'to support' is the qiàng reading; qiāng means to go against/contradict.
戟	3	wrong_sense	jǐ		a double-bladed axe	halberd (ancient weapon)	戟 is a halberd, not a double-bladed axe.
戧	3	sense_of_other_reading	qiāng		to support	to go against, to clash; contrary (wind)	'to support' is the qiàng reading (戗柱); qiāng means to oppose/go against.
戴	3	misleading_first_sense	dài		to support; to respect; to put on, to wear; surname	to wear, to put on; to respect, to support	Main modern meaning 'wear/put on' should come first; 'to support' is literary.
扎	3	sense_of_other_reading	zhā		to bind, to wrap; to pierce; to stop	to prick, to pierce; to be stationed; to plunge into	bind/wrap is zā; 'to stop' spurious
払	3	reading_wrong	fǎn	fú	shake off, brush away; dust	to brush away, to shake off	Japanese form of 拂, read fú.
抠	3	wrong_sense	kōu		to lift, to raise; tight-fisted	to dig out, to pick (with a finger); stingy, tight-fisted	'to lift, to raise' is wrong, and the main sense, 'to dig/pick', is missing.
抢	3	misleading_first_sense	qiǎng		urgent, rushed; to rob, to plunder	to grab, to snatch; to rob; to rush, to scramble for	Main sense is grab/snatch/rob; 'urgent' is not a standard gloss.
拄	3	wrong_sense	zhǔ		post; to lean on; to prod, to ridicule	to lean on (a stick)	post/prod/ridicule not modern senses
拓	3	reading_wrong	tà	tuò	to develop, to expand, to open up	to open up, to expand, to develop	Main reading is tuò (开拓); tà is only for making rubbings.
拗	3	sense_of_other_reading	ǎo		to pull, to drag; perverse, obstinate; bent, warped	to bend, to break (something long)	ǎo = to bend/break; perverse = ào; obstinate = niù; 'pull, drag' is wrong.
拮	3	wrong_sense	jié		busy, occupied; to pursue	(in 拮据) hard up, short of money	Only used today in 拮据; 'busy, to pursue' is wrong.
拽	3	sense_of_other_reading	zhuāi		to drag, to tow; to throw; to twist	to throw, to fling; to hurl	The drag/tow sense is zhuài; zhuāi means to throw.
按	3	misleading_first_sense	àn		to check, to control, to push, to restrain	to press, to push down; according to; to restrain, to control	Main sense 'to press' should come first.
挝	3	sense_of_other_reading	wō	wō	to beat; to strike	used in 老挝 (Laos)	'to beat, strike' is the zhuā reading; wō is only used in 老挝.
挢	3	wrong_sense	jiǎo		to correct	to raise, to lift up	'To correct' belongs to 矫; 挢 means to raise (挢舌).
捨	3	sense_of_other_reading	shě		house, dwelling; to reside, to dwell; to abandon, to give up	to give up, to abandon; to part with	'house, dwelling; to reside' belong to 舍 shè, not 捨/舍 shě.
据	3	main_sense_missing	jù		to possess, to occupy; position; base	according to, based on; evidence; to occupy	The main modern sense, 'according to / evidence', is missing.
掐	3	main_sense_missing	qiā		to hold, to choke; to gather in one hand	to pinch, to nip (with fingernails); to clutch, to choke	Main sense 'pinch/nip' is missing.
排	3	main_sense_missing	pái		row, rank, file; to eliminate, to remove	to arrange, to line up; row, line; to exclude, to eliminate	Core sense 'arrange/line up' missing.
控	3	misleading_first_sense	kòng		to accuse, to charge; to control; to sue	to control; to accuse, to charge, to sue	The main modern sense 'control' should come first.
掭	3	wrong_sense	tiàn		to manipulate	to smooth a brush on the inkstone (after dipping it in ink)	'to manipulate' is wrong.
掺	3	reading_wrong	càn	chān	to mix, to blend, to adulterate	to mix, to blend, to adulterate	In the sense 'to mix' the reading is chān.
揣	3	sense_of_other_reading	chuāi		to stow in one's clothes; to estimate, to guess, to figure	to tuck into one's clothes, to carry in one's bosom	estimate/guess is chuǎi (揣测), not chuāi.
揲	3	reading_wrong	dié	shé	to sort out divining stalks	to count out divining stalks	Divining-stalk sense is read shé; dié means 'to fold'.
搂	3	sense_of_other_reading	lǒu		to embrace, to hug; to drag, to pull	to embrace, to hug	'drag, pull' is lōu (搂柴火), not lǒu.
搶	3	misleading_first_sense	qiǎng		urgent, rushed; to rob, to plunder	to grab, to snatch, to rob; to rush, to scramble for	Main sense is to grab/rob/rush; 'urgent, rushed' should not come first.
摒	3	reading_wrong	bǐng	bìng	to expel, to cast off; to arrange	to get rid of, to discard; to arrange	Standard reading is bìng (摒弃).
摳	3	misleading_first_sense	kōu		to lift, to raise; tight-fisted	to dig or pick (with a finger); to dig into (details); stingy, tight-fisted	'to lift, to raise' is archaic; the modern sense is to dig or pick with a finger.
摻	3	reading_wrong	càn	chān	to mix, to blend, to adulterate	to mix, to blend, to adulterate	Main modern reading is chān (摻雜, 摻和); càn is a rare literary reading.
摽	3	reading_wrong	biāo	biào	to sign, to signal; to throw	to tie tightly, to bind; to link arms; to vie with	The main modern reading is biào; biāo is a literary reading meaning 'to wave away/throw'. 'To sign, to signal' belongs to 标 and is wrong here.
撕	3	wrong_sense	sī		to rip, to tear; to buy cloth	to tear, to rip	'to buy cloth' is a dialectal sense; it lets a wrong answer pass on meaning cards.
撩	3	sense_of_other_reading	liāo		to lift, to raise; to provoke, to tease; to push aside clothing	to lift up (a skirt, curtain), to hold up; to sprinkle (water)	'provoke, tease' belongs to liáo (撩拨), not liāo.
撾	3	sense_of_other_reading	wō	wō	to beat; to strike	used in 老撾 (Laos)	'To beat; to strike' belongs to zhuā; wō only occurs in 老撾.
擅	3	main_sense_missing	shàn		to claim, to monopolize; arbitrary	to be good at, to be expert in; without authorization, arbitrarily	Missing 擅长 'good at' and 擅自 senses; 'claim, monopolize' is an old sense.
據	3	main_sense_missing	jù		to possess, to occupy; position; base	according to, based on; evidence; to occupy, to seize	Main modern sense 'according to / evidence' is missing.
擼	3	main_sense_missing	lū		to reprimand; to fire an employee	to rub, to stroke; to strip off, to push up (sleeves)	Main sense (rub/strip, 撸袖子) missing; given senses are dialectal slang.
擿	3	reading_wrong	tī	zhì	to select, to pick out; to discard	to throw, to toss (= 掷)	The main modern reading is zhì 'to throw'. tī 'to pick out' only appears in literary phrases like 发奸擿伏. 'Discard' belongs to the zhì reading, not tī.
攉	3	wrong_sense	huō		to urge, to beckon	to shovel (coal, ore)	攉 huō means to shovel (攉煤); 'urge, beckon' is wrong.
攻	3	misleading_first_sense	gōng		to accuse; to assault; to criticize	to attack, to assault; to study, to specialize in; to criticize	Main sense 'attack' missing; 'accuse' first is misleading.
教	3	reading_wrong	jiào	jiāo	school, education	to teach; teaching, religion (jiào)	The main modern reading and meaning is jiāo, 'to teach', which is the HSK 1 word. Jiào 'education, religion' is a secondary reading that mostly appears in compounds.
斗	3	sense_of_other_reading	dòu		to struggle, to fight, to contend; measuring cup	to fight, to struggle, to contend	'measuring cup' is dǒu, not dòu.
方	3	wrong_sense	fāng		square, rectangle; side; region; flag	square; direction, side; method, way; region	'flag' is not a meaning of 方; the main sense 'direction/method' is missing.
昝	3	wrong_sense	zǎn		dual pronoun: "you and I", "we two"; surname	(surname) Zan	In modern usage 昝 is only a surname; the 'you and I' sense is dubious/archaic (confused with 咱) and comes before the real meaning.
晃	3	sense_of_other_reading	huǎng		bright, dazzling; to shake, to sway	to dazzle; to flash past	'to shake, to sway' is huàng, not huǎng.
晟	3	reading_wrong	chéng	shèng	bright, clear, splendid	bright; flourishing, splendid	XHC main reading shèng; chéng is mainly used in names.
曆	3	wrong_sense	lì		history; calendar	calendar	'history' belongs to 歷, not 曆.
更	3	sense_of_other_reading	gèng		more, further; to shift, to alternate; to modify	more, even more; further	shift/alternate/modify are gēng senses (更换, 更改).
望	3	main_sense_missing	wàng		to expect, to hope, to look forward to	to look at, to gaze into the distance; to hope, to expect	The basic sense 'look/gaze' is missing.
朝	3	sense_of_other_reading	cháo		to face; direct, facing; dynasty; morning	to face, towards; dynasty; imperial court	'morning' belongs to the zhāo reading.
朮	3	reading_wrong	shù	zhú	skill, art; method, technique; trick	atractylodes (medicinal herb)	As its own character (traditional form), 朮 is zhú, the herb in 白朮. The 'skill, art' meanings belong to 術 (shù).
朵	3	misleading_first_sense	duǒ		cluster of flowers; earlobe; an item on both sides	measure word for flowers and clouds; flower, blossom	Measure-word use missing; 'an item on both sides' is bogus.
杓	3	reading_wrong	biāo	sháo	wooden cup, ladle, or spoon	ladle, spoon	Ladle meaning belongs to sháo (main reading); biāo = handle of the Big Dipper.
杭	3	main_sense_missing	háng		ford; surname	Hangzhou (abbr.)	Main modern use is Hangzhou; 'ford' is archaic and 'surname' is a stray alternative.
杷	3	sense_of_other_reading	pá		loquat tree; axe handle	loquat (in 枇杷); rake	'axe handle' belongs to the bà reading.
杼	3	misleading_first_sense	zhù		scrub oak; long, narrow, thin; sewing shuttle	shuttle (of a loom)	Main sense 'shuttle' is last; 'scrub oak' belongs to the shù reading; 'long, narrow, thin' is archaic.
松	3	main_sense_missing	sōng		pine tree; fir tree	pine tree; loose; to loosen, to relax	Simplified 松 includes 鬆 'loose, relax' (放松); 'fir' is wrong (杉).
枘	3	wrong_sense	ruì		a handle for a tool	tenon	枘 means a tenon (as in 方枘圆凿), not a tool handle.
枚	3	main_sense_missing	méi		the stalk of a shrub, the trunk of a tree	measure word for small objects (coins, medals, etc.); trunk, stalk	Modern main use is measure word; only archaic stalk sense given.
枸	3	misleading_first_sense	gǒu		a kind of aspen found in Sichuan	wolfberry (in 枸杞)	With the gǒu reading the main use is 枸杞; the aspen gloss is obscure and misleading.
柞	3	reading_wrong	zhà	zuò	beech, oak; evergreen; to clear away trees	oak (Quercus); oak tree	Main reading is zuò (柞树); zhà only in place name 柞水. 'to clear away trees' is a classical zhà sense, 'beech/evergreen' wrong.
柳	3	wrong_sense	liǔ		willow tree; pleasure; surname	willow	'pleasure' is a dubious/archaic sense (as in 花柳), and 'surname' is a loophole.
栀	3	wrong_sense	zhī		jasmine; Gardenia	gardenia	栀(子) is gardenia, not jasmine.
栝	3	sense_of_other_reading	guā		a builder's frame for measuring	trichosanthes (in 栝楼)	The 'builder's frame' sense goes with the reading kuò. With guā the main use is 栝楼.
栱	3	wrong_sense	gǒng		stake, post; pillar; peg	bracket (in 斗栱, wooden brackets under the eaves)	栱 means an architectural bracket, not a stake or peg.
桊	3	wrong_sense	juàn		ash tree	ring through an ox's nose	桊 is the ox's nose ring, not an ash tree.
桫	3	wrong_sense	suō		horse chestnut	used in 桫椤 (spinulose tree fern)	'Horse chestnut' is a different tree.
條	3	main_sense_missing	tiáo		clause, condition; string, stripe	strip, twig; measure word for long thin things; item, clause	Main sense (strip; measure word for long narrow things) missing; 'clause' shown first.
梨	3	grading_loophole	lí		pear; opera	pear	'Opera' only comes from 梨园 (the traditional theatre world), so it would accept a wrong answer.
棕	3	main_sense_missing	zōng		hemp palm; palm tree	brown; palm tree, hemp palm	Main modern meaning 'brown' (棕色) missing.
椋	3	wrong_sense	liáng		fruit	dogwood (Cornus); used in 椋鸟 starling	'fruit' is wrong; it's a tree name, commonly in 椋鸟.
椪	3	wrong_sense	pèng		Machilus nanmu, a variety of evergreen	used in 椪柑, ponkan (a type of mandarin orange)	椪 is known for 椪柑; Machilus nanmu is 楠.
椭	3	wrong_sense	tuǒ		elliptical, oval-shaped; tubular	elliptical, oval	'tubular' is wrong; 椭 only means oval/elliptical.
椴	3	wrong_sense	duàn		aspen, poplar	linden, basswood	椴 is linden/basswood, not aspen/poplar.
椹	3	sense_of_other_reading	shèn	shèn	chopping board	mulberry fruit (variant of 葚)	'chopping board' is the zhēn reading.
楛	3	sense_of_other_reading	hù	hù	coarse, crude; a kind of plant	a kind of tree (Vitex, used for arrow shafts)	'coarse, crude' is the kǔ reading.
楞	3	main_sense_missing	léng		used for Ceylon in Buddhist texts	edge, corner, ridge (variant of 棱)	Ceylon sense only in 楞伽; main modern use is 棱 variant.
楸	3	wrong_sense	qiū		Mallotus japonicus	Catalpa bungei (a catalpa tree)	楸 is a catalpa, not Mallotus.
榅	3	wrong_sense	wēn		pillar; conifer; Cryptomeria	quince (in 榅桲)	Modern use is only in 榅桲 quince; pillar/Cryptomeria is wrong.
槭	3	reading_wrong	qī	qì	maple tree	maple tree	XDHYCD gives qì.
樂	3	sense_of_other_reading	lè		cheerful, happy, laughing; music	happy, cheerful, joyful; to laugh	'music' is the yuè reading.
檯	3	wrong_sense	tái		platform; unit; term of address	table, desk; counter, stand, platform	檯 is the traditional form of 台 only in the table/desk/counter sense. 'unit' (the counter for machines) and 'term of address' (the honorific) belong to 臺/台, not 檯. The main meaning 'table, desk' is missing.
檳	3	sense_of_other_reading	bīn	bīng	betel-nut, areca nut	betel nut, areca nut (in 檳榔)	Betel-nut sense belongs to bīng (檳榔 bīngláng); bīn is 檳子, a kind of apple.
次	3	main_sense_missing	cì		order, sequence; second, next; one after the other	time (measure word for occurrences); order, sequence; next, second; inferior	Core measure-word sense 'time(s)' (一次) is missing.
欹	3	reading_wrong	yī	qī	pleading interjection	to tilt, to lean, slanting	The main modern reading is qī, meaning 'to tilt' (欹斜). The yī interjection is archaic.
欻	3	sense_of_other_reading	chuā	chuā	sudden, abrupt	(onomatopoeia) swish, whoosh	'Sudden' belongs to the xū reading. The chuā reading is only onomatopoeia.
歙	3	sense_of_other_reading	shè		to suck; the name of a district in Anhui	She County (in Anhui)	'to suck' is the xī reading.
歛	3	reading_wrong	hān	liǎn	to fold back, to draw back; to collect	to collect, to gather; to restrain; to draw back	Modern variant of 敛, read liǎn; hān is an archaic reading not matching the given meanings.
步	3	main_sense_missing	bù		walk, stroll, pace, march; to make progress	step, pace; to walk; stage (of a process)	The core meaning 'step' is missing.
歰	3	wrong_sense	sè		to argue, to disagree, to wrangle	old variant of 涩, rough, astringent	This is a variant of 涩. The 'to argue' meaning is wrong.
歹	3	misleading_first_sense	dǎi		corpse; death; evil, depraved, wicked	bad, evil, vicious	'corpse; death' is the radical gloss (歺), not the modern word meaning; accepts wrong answers.
殽	3	sense_of_other_reading	xiáo		cooked meat; confused, mixed up	confused, mixed up	'cooked meat' belongs to the yáo reading (variant of 肴); with xiáo it means mixed up/confused (混淆).
氓	3	sense_of_other_reading	máng	máng	people, subjects, vassals	rogue, hooligan (as in 流氓)	'People, subjects' is the archaic méng sense; máng means rogue.
氲	3	wrong_sense	yūn		prosperity; the breath of life; the spirit of harmony	dense mist, vapour (in 氤氲)	'Prosperity/breath of life' aren't modern meanings.
汴	3	wrong_sense	biàn		a river in Henan; Henan province	Bian River (in Henan); Kaifeng (abbreviation)	汴 abbreviates Kaifeng, not Henan province.
汽	3	misleading_first_sense	qì		gasoline; steam, vapor	steam, vapor, gas	gasoline is 汽油; 汽 on its own means steam or vapor
沒	3	sense_of_other_reading	méi		not, none, gone; to bury; to sink, to drown	not, have not, without	bury/sink/drown are the mò reading (淹没, 埋没).
沤	3	reading_wrong	ōu	òu	to soak, to steep; sodden, soaked	to soak, to steep	The 'to soak' meaning is read òu. Read ōu, the character means 'bubble'.
治	3	main_sense_missing	zhì		to administer, to govern, to regulate	to govern, to administer; to treat (an illness), to cure; to control (e.g. floods)	The core modern sense 'to treat/cure' (治病, 治疗) is missing.
泊	3	reading_wrong	pō	bó	to anchor; to moor	to anchor, to moor; to stay	'to moor' is bó; pō means lake (湖泊).
注	3	main_sense_missing	zhù		to concentrate, to focus	to pour, to inject; to annotate, note; to concentrate (attention)	Core senses pour/inject and annotate are missing; 'concentrate' is really the sense of compounds like 注意 and 专注.
泸	3	wrong_sense	lú		a river in Jiangxi province	Lu River (in Sichuan); short for Luzhou 泸州	泸 refers to the Lu River in Sichuan, not Jiangxi.
消	3	misleading_first_sense	xiāo		news, rumors; to die out, to melt away, to vanish	to disappear, to vanish; to eliminate, to remove; to spend (time)	'news' belongs to the word 消息, not the character alone. The main meaning is to vanish or eliminate.
淋	3	grading_loophole	lín		to drench, to drip, to soak; perfectly	to drench, to drip, to pour, to soak	'perfectly' comes from the idiom 淋漓尽致, not a standalone meaning of 淋; it would accept a wrong answer.
渎	3	main_sense_missing	dú		ditch, sluice, gutter, drain	to show disrespect, to profane; to neglect (duty)	Modern use is 亵渎 and 渎职. 'Ditch' and 'gutter' are archaic.
渑	3	sense_of_other_reading	miǎn		the name of a river in Shandong	used in 渑池 (Mianchi, a county in Henan)	The Shandong river is read shéng. With miǎn, the character is used in 渑池, a county in Henan.
渭	3	wrong_sense	wèi		a river in Shanxi province	Wei River (in Shaanxi province)	The Wei River is in Shaanxi (陕西), not Shanxi (山西).
游	3	main_sense_missing	yóu		to wander, to travel, to tour, to roam	to swim; to travel, to tour; to wander, to roam	'To swim' (游泳) is the core modern sense and is missing.
渺	3	main_sense_missing	miǎo		vast, boundless	tiny, insignificant; vague, remote; (of water) vast	Main modern senses 渺小/渺茫 missing; 'vast' (浩渺) is secondary.
湫	3	sense_of_other_reading	jiǎo	qiū	marsh, swamp, small pond	small pond, pool	pond sense is qiū; jiǎo = low-lying
滹	3	wrong_sense	hū		the bank of a stream	used in 滹沱 (Hutuo River, Hebei)	The character is used for the Hutuo River name, not 'bank of a stream'.
漚	3	reading_wrong	ōu	òu	to soak, to steep; sodden, soaked	to soak, to steep	ōu = bubble; soak sense is òu
澎	3	reading_wrong	pēng	péng	to splatter	surging (of water)	Main reading péng (澎湃); pēng 'to splash' is a minor reading.
瀘	3	wrong_sense	lú		a river in Jiangxi province	Lu River (in Sichuan/Yunnan); used in Luzhou	泸 refers to the 泸水 in Sichuan/Yunnan and 泸州 in Sichuan, not a river in Jiangxi.
瀰	3	reading_wrong	mǐ	mí	to overflow, to flood; to disseminate	to overflow; to fill, to spread (as in 瀰漫)	Traditional form of 弥; standard modern reading is mí.
灰	3	main_sense_missing	huī		ashes; dust; lime, mortar	ash; dust; lime; gray; disheartened	The core modern meaning 'gray' is missing.
炸	3	sense_of_other_reading	zhà		to explode; to fry in oil; to scald	to explode, to blow up, to burst; to bomb	'to fry in oil'/'to scald' belong to the zhá reading, not zhà.
為	3	sense_of_other_reading	wèi	wéi	to do, to act; to handle, to govern; to be	to do, to act; to be, to serve as	The listed senses are all for wéi; wèi means 'for, on behalf of'.
烊	3	sense_of_other_reading	yáng		to smelt; to close for the night	to melt, to smelt	'close for the night' (打烊) is read yàng, not yáng.
焓	3	main_sense_missing	hán		onomatopoetic, a fire sizzling	enthalpy	Modern meaning is the physics term enthalpy (焓变); the fire-sizzling gloss is obscure.
然	3	wrong_sense	rán		certainly; naturally; suddenly	so, like that; correct, right; (adjective suffix)	'suddenly' is wrong; 'certainly/naturally' isn't what the character means alone; the main senses are missing.
煅	3	misleading_first_sense	duàn		discipline; to forge metal; to hone a skill	to forge (metal); to calcine	'discipline' is not a standalone meaning; the main sense is forging or calcining.
煞	3	sense_of_other_reading	shā		demon, fiend; baleful, noxious	to stop, to brake; to tighten; to finish off	'Demon' and 'baleful' belong to the shà reading; shā means to stop or brake (煞车).
煤	3	grading_loophole	méi		carbon, charcoal, coal, coke	coal	'carbon', 'charcoal' and 'coke' are wrong answers.
熔	3	wrong_sense	róng		mold; to fuse, to melt, to smelt	to melt, to fuse, to smelt	'mold' is wrong
燕	3	misleading_first_sense	yàn		lovebird, swallow	swallow (bird)	'lovebird' is wrong and listed first; 燕 is the swallow.
犢	3	wrong_sense	dú		calf; sacrificial lamb	calf	'sacrificial lamb' is wrong; 犢 means calf.
狴	3	wrong_sense	bì		tapir; a fierce beast depicted on prison doors	a mythical beast depicted on prison doors (in 狴犴)	'Tapir' is wrong; 狴 appears only in 狴犴.
狸	3	wrong_sense	lí		fox	leopard cat; raccoon dog	狸 alone is not fox; fox is 狐/狐狸
猁	3	wrong_sense	lì		a kind of monkey	lynx (in 猞猁)	猁 is part of 猞猁 (lynx), a wild cat, not a monkey.
猬	3	wrong_sense	wèi		porcupine, hedgehog; many, varied; vulgar, low	hedgehog	猬 is hedgehog; 'porcupine' is 豪猪, and 'vulgar, low' is not a sense of 猬; 'many, varied' only survives in the idiom 猬集.
率	3	sense_of_other_reading	lǜ		to command, to lead; rate, ratio, proportion	rate, ratio, proportion	'to command, to lead' is the shuài reading (率领); with lǜ stored, only the rate/ratio meaning belongs.
玨	3	wrong_sense	jué		guitar strings; variant of 珏	pair of jade pieces; variant of 珏	'guitar strings' is wrong.
琢	3	reading_wrong	zuó	zhuó	to polish jade; to cut jade		Main reading zhuó (雕琢); zuó only colloquial in 琢磨.
瑁	3	wrong_sense	mào		fine jade	used in 玳瑁 (hawksbill turtle; tortoiseshell)	Not 'fine jade'.
甚	3	reading_wrong	shén	shèn	considerably; very, extremely; a great extent	very, extremely; considerably; to a great extent	Main modern reading is shèn (甚至, 欺人太甚); shén only appears in the variant 甚么. The listed meanings all belong to shèn.
甸	3	reading_wrong	diān	diàn	suburbs of the capital; to govern; crops	pasture, grazing land; suburbs of the ancient capital; used in 缅甸 (Myanmar)	Standard reading is diàn (缅甸, 甸子); diān is incorrect.
町	3	reading_wrong	tīng	tǐng	a raised path between fields	a raised path between fields	XHC: tǐng for 'raised path between fields'; dīng for place names (畹町). tīng is not a standard reading.
甾	3	main_sense_missing	zāi		evil; a calamity	steroid (chemistry)	The main modern meaning is 'steroid'; 'evil, calamity' is an archaic variant of 灾.
番	3	wrong_sense	fān		to take turns, to repeat; to sow; a turn	measure word: a time, a kind (一番); foreign (as in 番茄); a turn, to take turns	'to sow' is wrong. The measure-word and 'foreign' senses are missing.
當	3	sense_of_other_reading	dāng		appropriate, timely; to act, to serve; the sound of bells	to act as, to serve as; should, ought to; when, at the time of; to face	'appropriate, timely' belongs to dàng; main dāng senses missing.
疗	3	misleading_first_sense	liáo		cured, healed; to recover	to treat, to cure; therapy	Core modern meaning is the active 'to treat/cure' (治疗, 医疗), not 'cured/healed'.
疱	3	wrong_sense	pào		acne	blister, pustule, bleb	疱 means blister/pustule (水疱, 疱疹), not acne.
疳	3	wrong_sense	gān		rickets, chickenpox; childhood disease	infantile malnutrition (gan disease); childhood digestive disorder	Not chickenpox (水痘).
痘	3	main_sense_missing	dòu		smallpox	pimple, pustule; pox (smallpox, chickenpox)	Modern main sense is pimple/pox (痘痘, 水痘).
痞	3	main_sense_missing	pǐ		dyspepsia; spleen infection	ruffian, hooligan, rascal; lump in the abdomen	Main modern sense (痞子) missing; 'spleen infection' is wrong.
痤	3	wrong_sense	cuó		a swelling of the lymph nodes	acne (as in 痤疮)	痤 means acne, not lymph node swelling.
瘃	3	wrong_sense	zhú		cold sores	chilblains	冻瘃 = chilblains, not cold sores.
瘅	3	sense_of_other_reading	dān		bitter hatred; drought	fever or heat sickness (as in 瘅疟)	'Hatred' belongs to dàn (彰善瘅恶); 'drought' is doubtful.
瘕	3	wrong_sense	jiǎ		asthma; bowel disease	abdominal mass, lump (TCM)	'asthma' is wrong.
癥	3	reading_wrong	zhèng	zhēng	ailment, disease, illness	abdominal lump; crux (as in 癥结)	癥 reads zhēng (癥结). The zhèng 'disease' sense belongs to 症.
發	3	sense_of_other_reading	fā		to issue, to dispatch, to send out; hair	to send out, to issue, to dispatch; to develop; to emit	'hair' belongs to 髮 fà, merged only in simplified 发; traditional 發 is only fā.
盛	3	sense_of_other_reading	shèng		abundant, flourishing; to contain; to fill	abundant, flourishing, prosperous; grand	'to contain; to fill' belong to the chéng reading (盛饭), not shèng.
盧	3	wrong_sense	lú		cottage, hut; black; surname	surname Lu; black (literary)	'cottage, hut' belongs to 廬, not 盧.
眼	3	main_sense_missing	yǎn		eyelet, hole, opening	eye; small hole, opening; key point	The main meaning 'eye' is missing.
睏	3	misleading_first_sense	kùn		to surround; to besiege; surrounded, in distress; poor; tired, sleepy	sleepy, tired	Senses 'surround/besiege/poor/in distress' belong to 困, not 睏; 睏 only means sleepy.
瞿	3	reading_wrong	jù	qú	startled; surname	surname; startled	Main reading qú (surname, 瞿塘峡); jù only in 瞿然.
矽	3	reading_wrong	xì	xī	silicon	silicon (old term)	Standard reading is xī (first tone), not xì.
砉	3	reading_wrong	huò	huā	the sound of a whip cracking	(onomatopoeia) swish, whoosh; sound of ripping or rushing	Xiandai Hanyu Cidian reads it huā (onomatopoeia), with xū as a secondary reading. huò is not the standard modern reading.
砟	3	wrong_sense	zhǎ		stone tablet; monument	small fragments of stone or coal; ballast	Means stone/coal fragments (道砟), not stone tablet/monument.
砦	3	grading_loophole	zhài		stockade, fort, military outpost; brothel	stockade, fort, military outpost	'brothel' is not a meaning of 砦.
硙	3	reading_wrong	wéi	wèi	millstone; to grind, to mill	millstone; to grind	Millstone/grind sense is read wèi; wéi is only for 硙硙 'high, lofty'.
碌	3	main_sense_missing	lù		rocky, rough, uneven; mediocre	busy, occupied; mediocre	Main modern sense 'busy' (忙碌) missing; 'rocky, rough' is from the old word 碌碌.
碚	3	wrong_sense	bèi		suburb	(used in place names, e.g. 北碚)	'suburb' is not a meaning; this character is used in place names.
祁	3	wrong_sense	qí		to pray; numerous, ample, abundant	surname Qi; (literary) large, abundant	'to pray' belongs to 祈, not 祁; 祁 is mainly a surname or place name (祁门).
祇	3	sense_of_other_reading	qí		only, just, simply; one of a pair; an earth god	earth god	'only, just, simply' belongs to zhǐ (variant of 只), not qí; 'one of a pair' is also dubious.
祢	3	reading_wrong	mí	nǐ	one's deceased father	you (used to address God or a deity)	In modern simplified usage 祢 is mainly nǐ, a respectful 'you' for God. As mí it is only a surname. 'Deceased father' is an old sense of 禰.
禁	3	sense_of_other_reading	jìn		to restrict, to prohibit, to forbid; to endure	to prohibit, to forbid, to ban; to imprison	'to endure' belongs to the jīn reading (禁不住).
禰	3	reading_wrong	mí	nǐ	one's deceased father	memorial tablet of one's deceased father	The 'deceased father' sense is read nǐ; mí is mainly a surname.
种	3	sense_of_other_reading	zhǒng		race, kind, breed; seed; to plant	kind, type; race, breed; seed; species	'to plant' is zhòng, not zhǒng.
称	3	sense_of_other_reading	chēng		balanced; name, brand; to say, to call	to call, to be called; to say, to state; to weigh; name	'balanced' belongs to chèn (对称/称心), and it is listed first. The main sense 'to call' should come first.
稙	3	wrong_sense	zhī		grain ready for grinding	early-sown (crops); early-ripening	稙 means early-planted crops, not grain ready for grinding.
稞	3	wrong_sense	kē		grain ready for grinding	highland barley (as in 青稞)	'grain ready for grinding' is not the modern meaning.
種	3	sense_of_other_reading	zhǒng		race, kind, breed; seed; to plant	kind, type, species, breed; seed; measure word for kinds	'to plant' belongs to the zhòng reading.
稱	3	sense_of_other_reading	chēng	chēng	balanced; name, brand; to say, to call	to call, to name; to weigh; to say; name, title	'Balanced' belongs to the chèn reading (as in 相称, 'well-matched'). 'Brand' is wrong. The main sense 'to weigh' is missing.
穀	3	wrong_sense	gǔ		valley, gorge, ravine	grain, cereal, corn	'Valley' is the meaning of 谷; 穀 is only the grain sense.
窦	3	wrong_sense	dòu		sinuses; corrupt; surname	hole, cavity; sinus	'corrupt' is not a meaning; 'surname' lets a wrong answer pass; main sense 'hole/cavity' missing.
窨	3	reading_wrong	xūn	yìn	cellar, storeroom	cellar, underground storeroom	Cellar sense is read yìn; xūn only for scenting tea (窨茶).
竇	3	wrong_sense	dòu		sinuses; corrupt; surname	hole, cavity; sinus (anatomy)	'Corrupt' is a wrong meaning. 'Surname' is a stray alternative that would let wrong answers pass.
竿	3	grading_loophole	gān		bamboo pole; penis	bamboo pole; rod	'penis' is a stray slang gloss.
筑	3	main_sense_missing	zhù		building; a five-string lute	to build, to construct	The main sense, 'to build' (建筑, 修筑), is missing. The ancient lute is archaic.
筘	3	wrong_sense	kòu		a roll of cloth	reed (of a loom)	筘 is the reed/comb of a loom, not a roll of cloth.
箐	3	wrong_sense	qìng		to draw a bamboo bow	large bamboo forest; (dialect) wooded valley	'to draw a bamboo bow' is not the meaning.
築	3	main_sense_missing	zhù		building; a five-string lute	to build, to construct; building	Main verb sense 'to build' missing; 'five-string lute' belongs to the instrument 筑, not 築.
簾	3	main_sense_missing	lián		the flag-sign of a tavern	curtain, screen, blind	Main modern meaning is curtain (窗帘, 门帘); tavern flag is an old, rare sense.
粗	3	wrong_sense	cū		rough, think; coarse, rude	thick, wide; coarse, rough; rude, careless	'think' is wrong (probably a typo for 'thick'), so it accepts a wrong answer.
粟	3	wrong_sense	sù		oats, millet, barley	millet; grain	粟 means millet (foxtail millet); 'oats' and 'barley' are wrong.
糬	3	reading_wrong	shu	shǔ	sticky rice; mochi	used in 麻糬 (mochi)	Pinyin has no tone; the standard reading is shǔ, as in 麻糬.
約	3	main_sense_missing	yuē		treaty, covenant, agreement	about, approximately; to make an appointment, to arrange; agreement, treaty	The main modern senses are missing: 'about, approximately' (大约) and 'to make an appointment' (约会).
累	3	sense_of_other_reading	lèi		tired; to accumulate; to involve; bother, nuisance	tired, weary; to tire, to wear out	'to accumulate', 'to involve' are lěi; 'bother, nuisance' is léi (累赘).
紳	3	wrong_sense	shēn		girdle, tie; gentry; to bend	gentry, gentleman; sash, girdle	'to bend' is not a modern meaning (likely confused with 伸); gentry should be first.
綠	3	wrong_sense	lǜ		green; chlorine	green	'chlorine' is 氯 (lǜ), not 綠.
綮	3	reading_wrong	qǐ	qìng	embroidered banner	(in 肯綮) crucial point	The modern reading is qìng (肯綮). qǐ and 'embroidered banner' are archaic.
緻	3	wrong_sense	zhì	zhì	to send; to present, to deliver; to cause; consequence	fine, delicate; dense	Translation is that of 致; 緻 means fine/delicate (細緻, 精緻).
縕	3	reading_wrong	yūn	yùn	tangled hemp, raveled silk; vague, confused	tangled hemp; raveled silk	Main reading for the tangled-hemp sense is yùn; yūn is only the variant used for 氲.
縫	3	reading_wrong	fèng	féng	to sew, to mend	to sew, to mend	'To sew' is féng; fèng means seam/crack. Or keep fèng and use 'seam; crack, gap'.
縱	3	main_sense_missing	zòng		to indulge in, to give free reign to	vertical, longitudinal; to release, to let go; to indulge; even if	Missing the core 'vertical/longitudinal' and 'release' senses; 'reign' is a typo for 'rein'.
繃	3	reading_wrong	běng	bēng	to bind, to strap, to draw firm	to stretch tight, to bind; bandage	Main reading is bēng (绷带, 绷紧); běng means 'to keep a straight face'.
繆	3	sense_of_other_reading	móu		to prepare; error, mistake; attached	to bind, to wrap (as in 绸缪: to prepare in advance)	'error, mistake' belongs to miù; 'attached' is not a standard modern meaning.
繇	3	sense_of_other_reading	yáo	yáo	cause, means, reason	corvée, forced labor	'cause, means' belongs to yóu (=由); yáo means corvée/labor service.
繒	3	sense_of_other_reading	zēng		silk; to tie, to bind; surname	silk fabric	'to tie, to bind' is the zèng reading; 'surname' is a stray meaning that accepts wrong answers.
繫	3	wrong_sense	xì		system; line, link, connection	to tie, to fasten; to connect, to relate to	'System' belongs to 系, not 繫.
續	3	main_sense_missing	xù		continuous, serial	to continue, to extend, to add; continuous	Main verb sense 'to continue' is missing.
纍	3	sense_of_other_reading	lèi	lěi	tired; to accumulate; to involve; bother, nuisance	to accumulate; to involve	'Tired' (lèi) is written 累, not 纍; 纍 is lěi (accumulate) / léi (纍贅, nuisance).
纓	3	wrong_sense	yīng		tassel, ribbon; to bother, to annoy	tassel, ribbon	'to bother, to annoy' is not a meaning of 纓 (probably confused with 攖).
纔	3	wrong_sense	cái		talent, ability; only, just	only, just; only then	纔 is the traditional form of 才 only in its adverb sense; 'talent, ability' was never written 纔.
约	3	main_sense_missing	yuē		treaty, covenant, agreement	approximately, about; to make an appointment; to restrict; agreement, treaty	The main modern senses (approximately, to make an appointment) are missing.
纵	3	main_sense_missing	zòng		to indulge in, to give free reign to	vertical, lengthwise; to indulge, to give free rein to; to release	The main modern sense 'vertical/longitudinal' (纵向) is missing.
绁	3	wrong_sense	xiè		to shorten, to contract; tie, leash	rope, leash; to tie up, to bind	'to shorten, to contract' is not a meaning of 绁.
组	3	main_sense_missing	zǔ		to form, to assemble; section, department	group, team; set; to form, to organize	Main modern sense 'group' missing.
绩	3	reading_wrong	jī	jì	achievements, merit		Standard reading is jì (成绩).
续	3	main_sense_missing	xù		continuous, serial	to continue, to extend, to add; continuous	Main verb sense 'to continue' missing.
绷	3	reading_wrong	běng	bēng	to bind, to strap, to draw firm	to stretch taut, to bind, to strap	Main reading is bēng (绷带, 绷紧); běng is mainly 绷着脸. Listed meanings belong to bēng.
绿	3	wrong_sense	lǜ		green; chlorine	green	'chlorine' is 氯 (lǜ), not 绿; would accept a wrong answer.
缝	3	sense_of_other_reading	fèng	féng	to sew, to mend	to sew, to stitch, to mend	'To sew' is féng; fèng means seam, crack, gap. Either change the reading to féng or change the meaning to 'seam, crack'.
缪	3	sense_of_other_reading	móu		to prepare; error, mistake; attached	to prepare, to plan ahead (as in 未雨绸缪)	'error, mistake' is the miù reading (纰缪); only 绸缪 sense belongs to móu.
缲	3	sense_of_other_reading	qiāo		to spool, to reel	to hem with hidden stitches	'To reel' belongs to the sāo reading (=缫). For qiāo it means to hem.
罗	3	reading_wrong	luō	luó	gauze, net; to collect, to display	net (for catching birds); to collect; to spread out, to display; gauze	The main reading is luó. luō only shows up in 罗嗦.
羅	3	reading_wrong	luō	luó	gauze, net; to collect, to display	gauze; net; to collect	Standard reading is luó, not luō.
羟	3	wrong_sense	qiǎng		hydroxide	hydroxyl (-OH)	羟 is hydroxyl (羟基); hydroxide is 氢氧化物.
翌	3	misleading_first_sense	yì		bright; dawn, daybreak; tomorrow	next (day, year); following	'Bright' and 'dawn' are archaic glosses. The modern meaning is 'next', as in 翌日.
耑	3	sense_of_other_reading	duān		specialized; concentrated	end, extremity; beginning	'Specialized' is the zhuān reading (variant of 专); duān = old form of 端. Fix either the reading or the meaning.
耙	3	sense_of_other_reading	bà		to rake	harrow; to harrow	bà = harrow; 'to rake' is the pá reading (耙子 pázi). Either change the translation or change the reading to pá.
聊	3	main_sense_missing	liáo		somewhat, slightly, at least	to chat; somewhat, slightly	Main modern sense 'to chat' (聊天) missing.
聒	3	reading_wrong	guā	guō	clamor, din, hubbub	noisy, clamorous	Standard reading guō (聒噪).
肋	3	reading_wrong	lē	lèi	ribs; chest	rib; ribs	Main reading is lèi; lē only in colloquial 肋脦.
肘	3	grading_loophole	zhǒu		elbow, shoulder; to help someone carry a load	elbow	'shoulder' is wrong; the 'carry a load' sense is not modern.
肱	3	wrong_sense	gōng		forearm	upper arm; arm	肱 is the upper arm (肱骨 humerus), not the forearm.
胗	3	main_sense_missing	zhēn		measles, pustules, rash	gizzard	Modern meaning is gizzard (鸡胗); 'measles, rash' is an old variant use for 疹.
胴	3	misleading_first_sense	dòng		the large intestine; the body	torso, trunk of the body	'large intestine' is archaic; the modern sense is torso (胴体).
脊	3	reading_wrong	jí	jǐ	spine, backbone; ridge		Modern standard reading is jǐ (脊梁, 脊椎).
脏	3	reading_wrong	zàng	zāng	organs, viscera; dirty, filthy	dirty, filthy	Main modern/HSK sense 'dirty' is zāng; 'viscera' is zàng (心脏).
脒	3	wrong_sense	mǐ		to open; to throw away	amidine (chemistry)	脒 is a chemistry term (amidine). 'To open; to throw away' is wrong.
脯	3	sense_of_other_reading	pú	pú	dried meat; preserved fruits	chest, breast	dried meat/preserved fruit is fǔ; pú = chest (胸脯)
膘	3	unusable	biāo		sfat; rump	fat (of livestock)	Typo 'sfat' corrupts the main meaning.
膻	3	misleading_first_sense	shān		a flock of sheep; a rank odor	rank smell of mutton, gamy odor	'flock of sheep' is not a meaning; main sense is mutton odor.
臊	3	sense_of_other_reading	sāo		shy, bashful; rank, fetid; the smell of urine	smell of urine; rank, fetid	'shy, bashful' belongs to sào (害臊).
興	3	reading_wrong	xìng	xīng	to thrive, to prosper, to flourish	to thrive, to prosper, to flourish	'Thrive' is the xīng reading; xìng means interest.
舍	3	sense_of_other_reading	shě		house, dwelling; to reside, to dwell; to abandon, to give up	to give up, to abandon; to part with	'house, dwelling, to reside' belong to shè (宿舍); stored reading shě means give up.
芤	3	wrong_sense	kōu		China grass, ramie	scallion stalk; (TCM) hollow pulse	Ramie is 苎, not 芤.
芪	3	wrong_sense	qí		celery	astragalus (medicinal herb, as in 黄芪)	Wrong meaning: celery is 芹. 芪 is astragalus.
芫	3	sense_of_other_reading	yán	yán	a poisonous plant; Daphne genkwa	coriander (in 芫荽)	Daphne genkwa is 芫花 yuánhuā (yuán reading); with yán the main modern use is 芫荽 coriander.
苈	3	wrong_sense	lì		magnolia; Drabanemerosa hebecarpa	Draba (in 葶苈), whitlow-grass	Not magnolia; 苈 is used in 葶苈 (Draba). Latin name is also garbled.
苡	3	wrong_sense	yǐ		barley	Job's tears (in 薏苡)	Not barley.
苷	3	wrong_sense	gān		licorice	glycoside	苷 is glycoside; licorice is 甘草.
茄	3	reading_wrong	jiā	qié	eggplant	eggplant	Main modern reading is qié (茄子); jiā only in 雪茄 (cigar).
茆	3	sense_of_other_reading	máo	máo	water mallow	thatch grass, cogongrass (variant of 茅)	Read máo, it is a variant of 茅. The water-plant sense (water shield) belongs to mǎo, and 'water mallow' is wrong anyway.
茈	3	sense_of_other_reading	cí	zǐ	a plant yielding a red dye	water chestnut (in 凫茈)	The red-dye plant sense (茈草, same as 紫草) is read zǐ. Read cí, the character is used in 凫茈, meaning water chestnut. Either change the reading to zǐ and keep the meaning, or keep cí and use the water chestnut meaning.
茸	3	reading_wrong	rōng	róng	soft, downy; buds, sprouts		Standard reading is róng (鹿茸, 毛茸茸).
荠	3	wrong_sense	jì	jì	water chestnut; water caltrop	shepherd's purse (荠菜)	'Water chestnut' comes from 荸荠, which is read qí. With jì the meaning is shepherd's purse. 'Water caltrop' is also wrong.
荷	3	sense_of_other_reading	hé		lotus, water lily; burden, responsibility; Holland	lotus, water lily; Holland, Netherlands	'burden, responsibility' is hè (负荷)
莎	3	sense_of_other_reading	shā		a kind of sedge grass that used to be woven into raincoats	used in transliterations (e.g. Shakespeare, Sasha)	sedge sense is suō (莎草); shā is used in transliterations
莒	3	misleading_first_sense	jǔ		taro, hemp; herb;	Ju (ancient state; Ju County in Shandong)	'taro, hemp' are archaic senses; the modern use is as a place name.
莞	3	sense_of_other_reading	guǎn		to smile; club-rush, Scirpus lacustris	used in Dongguan (place name); club-rush	'to smile' is wǎn (莞尔); main guǎn use (Dongguan) is missing
莳	3	reading_wrong	shí	shì	to transplant, to grow; dill, Anethum graveolens	to transplant (seedlings); to grow	The 'transplant' sense is read shì. The shí reading is used only in 莳萝 (dill).
菘	3	wrong_sense	sōng		celery, cabbage	Chinese cabbage	Not celery.
菩	3	main_sense_missing	pú		herb, aromatic plant	bodhisattva (in 菩萨); bodhi (in 菩提)	The main modern use is Buddhist (菩萨).
菹	3	reading_wrong	jū	zū	salted or pickled vegetables	pickled vegetables	Modern standard reading per Xiandai Hanyu Cidian is zū.
萆	3	wrong_sense	bì		castor oil; the castor-oil plant	used in 萆薢 (bìxiè), a Dioscorea yam	Castor oil is 蓖, not 萆.
萎	3	reading_wrong	wēi	wěi	to wither, to wilt	to wither, to wilt	Standard reading is wěi.
葚	3	reading_wrong	rèn	shèn	mulberry fruit	mulberry fruit	Standard reading is shèn (桑葚 sāngshèn); rèn is only the colloquial reading in 桑葚儿.
葛	3	wrong_sense	gé		an edible bean; vine; surname	kudzu; vine; grass-cloth	'an edible bean' is wrong, since 葛 is the kudzu plant. The surname reading is Gě, not gé.
葵	3	wrong_sense	kuí		sunflower; to measure	sunflower; mallow	'to measure' belongs to 揆, not 葵.
蒋	3	misleading_first_sense	jiǎng		Hydropyrum latifalium; surname	surname Jiang	Main modern use is the surname; the archaic plant sense comes first and is misspelled.
蓂	3	wrong_sense	míng		a lucky place	auspicious plant of legend (蓂荚)	Not 'a lucky place'.
蕊	3	wrong_sense	ruǐ		flower bud	stamen, pistil (of a flower)	蕊 is stamen/pistil; 'flower bud' is 蕾.
薰	3	main_sense_missing	xūn		a medicinal herb; to cauterize	fragrant herb; fragrance; to smoke, to perfume	'to cauterize' is wrong; main senses are fragrant herb / fragrance / to smoke (=熏).
薳	3	reading_wrong	tuǒ	wěi	milkwort, snakeroot; a medicinal herb	a medicinal herb (milkwort)	The standard reading is wěi, not tuǒ.
薺	3	sense_of_other_reading	jì		water chestnut; water caltrop	shepherd's purse	jì = shepherd's purse (荠菜); 'water chestnut' is the qí reading (荸荠); 'water caltrop' is wrong.
藉	3	sense_of_other_reading	jí	jiè	by means of; excuse, pretext; to rely on	by means of; pretext; to rely on	These senses are jiè; jí only appears in 狼藉 (in disorder).
蘼	3	wrong_sense	mí		millet	used in 蘼芜 (a fragrant herb)	'millet' is 穈/糜 méi, not 蘼.
虑	3	main_sense_missing	lǜ		anxious, concerned, worried	to consider, to think over; to worry, concern	Core meaning 'consider/think over' (考虑) missing; 'worried' is secondary.
處	3	sense_of_other_reading	chù		to reside at, to live in; place, locale; department	place, locale; department, office; point, part	'reside, live in' is chǔ reading
號	3	sense_of_other_reading	hào		mark, sign; symbol; number; to call, to cry, to roar	number; mark, sign; date; size	'to call, to cry, to roar' is háo (号叫/呼号).
虺	3	reading_wrong	huī	huǐ	a large venomous snake	venomous snake	Snake sense is huǐ; huī is only in 虺隤 'exhausted'.
蚍	3	wrong_sense	pí		mussels, shellfish	large ant (in 蚍蜉)	蚍 is used in 蚍蜉 'large ant', not mussels/shellfish.
蛔	3	wrong_sense	huí		tapeworm	roundworm, ascarid	蛔虫 is the roundworm, not the tapeworm (绦虫).
蛤	3	sense_of_other_reading	há	gé	clam	clam	'Clam' is gé (蛤蜊); há is only in 蛤蟆 (toad).
蜇	3	sense_of_other_reading	zhē		jellyfish	to sting	zhē = to sting; jellyfish (海蜇) is read zhé.
蜡	3	grading_loophole	là		candle, wax; maggot	wax; candle	'maggot' is a classical sense, not modern; lets a wrong answer pass.
蝟	3	wrong_sense	wèi		porcupine, hedgehog; many, varied; vulgar, low	hedgehog	'vulgar, low' belongs to 猥; 'many' only in 猬集.
螅	3	wrong_sense	xī		intestinal worm	hydra (as in 水螅)	Modern use is 水螅, hydra; 'intestinal worm' is wrong.
螈	3	wrong_sense	yuán		silkworm	salamander, newt (as in 蝾螈)	Modern meaning is salamander/newt; 'silkworm' is an obsolete sense.
螭	3	wrong_sense	chī		cruel; a young dragon	hornless dragon (mythical)	'cruel' is wrong.
蟢	3	wrong_sense	xǐ		spider; caulking	long-legged spider (蟢子)	'caulking' is not a meaning of 蟢.
蠕	3	misleading_first_sense	rú		wasp; to wriggle, to squirm	to wriggle, to squirm	'wasp' is wrong. 蠕 means to wriggle (蠕动).
蠢	3	misleading_first_sense	chǔn		to wriggle; stupid, silly, fat	stupid, foolish; clumsy	Main modern sense is stupid; 'to wriggle' is literary (蠢动) and should not lead; 'fat' is wrong and would accept an incorrect answer.
行	3	sense_of_other_reading	xíng		to go, to walk, to move; professional	to go, to walk, to travel; OK, all right; capable	'professional' belongs to háng (行业); the common xíng meaning 'OK' is missing
衕	3	wrong_sense	tóng	tòng	same, similar; together with, alike	lane, alley (as in 胡衕 hútòng)	The meanings 'same, similar' belong to 同 tóng. In modern use 衕 is only the traditional form of 同 in 胡同 (hútòng, 'lane, alley'), where it is read tòng.
衚	3	wrong_sense	hú		recklessly, foolishly; wildly	alley, lane (as in 衚衕)	Meaning given is that of 胡; 衚 only occurs in 衚衕 hútòng 'alley'.
衝	3	misleading_first_sense	chōng		wash, rinse, flush; dash; soar	to rush, to dash, to charge; to clash	'wash, rinse, flush' belong to 沖, not 衝 (both simplify to 冲); 衝's main sense is to rush/charge.
袮	3	reading_wrong	ni	nǐ	thee, thou; "you" when referring to a diety	you (used when addressing a deity), thou	Pinyin lacks tone; reading cards require tones.
裡	3	main_sense_missing	lǐ		unit of distance equal to 0.5km; village; lane	inside, in; lining	裡 is the traditional form of 里 in the sense 'inside/lining'. The distance unit and 'village' senses belong to 里 only.
裳	3	reading_wrong	shang	cháng	skirt, petticoat; beautiful	skirt (ancient lower garment)	Read cháng on its own; neutral-tone shang only in 衣裳. 'Beautiful' is not a standard modern meaning.
裼	3	reading_wrong	tì	xī	to take off a top; to divest	to bare the upper body	The 'bare oneself' sense (袒裼) is read xī; tì means swaddling clothes.
製	3	wrong_sense	zhì		system; to establish; to manufacture; to overpower	to manufacture, to make	'system; to establish; to overpower' belong to 制, not 製.
複	3	wrong_sense	fù		again, repeatedly; copy, duplicate; to restore, to return	compound, complex; to duplicate, to copy	'again; to restore, to return' belong to 復.
褚	3	sense_of_other_reading	chǔ		bag, valise; to pad, to stuff; surname	surname Chu	chǔ is the surname reading; 'bag; to pad/stuff' are zhǔ senses.
親	3	wrong_sense	qīn		relatives, parents; intimate; the hazelnut tree	relatives, parents; intimate, close; in person	'the hazelnut tree' is an obscure/archaic sense, not a modern meaning; remove.
覺	3	sense_of_other_reading	jué		conscious; to nap, to sleep; to wake up	to feel, to sense; to become aware; conscious	'to nap, to sleep' is jiào (睡覺).
誇	3	main_sense_missing	kuā		extravagant, luxurious; handsome	to boast; to praise; to exaggerate	Traditional form of 夸; the main meaning is boast/praise, and the stored translation gives only an old literary sense.
誰	3	reading_wrong	shuí	shéi	who? whom? whose? anyone?		XHCD main reading is shéi (shuí is a variant); HSK uses shéi.
谯	3	sense_of_other_reading	qiáo		tower; to ridicule, to blame; surname	watchtower (on a city gate)	'to ridicule, to blame' goes with the reading qiào (same as 诮), not qiáo. 'surname' would let a wrong answer pass.
谷	3	main_sense_missing	gǔ		valley, gorge, ravine	valley, gorge; grain, cereal	Simplified 谷 also represents 穀 'grain', a core modern sense.
豁	3	sense_of_other_reading	huō	huò	clear, open; exempt	open, clear; generous; to exempt	'Clear, open; exempt' (豁然, 豁免) is read huò; huō means to slit or crack, or to give up at any cost.
豊	3	sense_of_other_reading	lǐ	lǐ	abundant, lush, bountiful, plenty	ritual vessel; variant of 豐 (abundant)	'Abundant' is the fēng reading (variant of 豐/丰); lǐ is the ritual vessel. Either fix the reading or the meaning.
豚	3	wrong_sense	tún		suckling pig; to suckle	pig, piglet, suckling pig	'to suckle' is wrong.
豺	3	wrong_sense	chái		wolf; cruel, mean, wicked	jackal, dhole; cruel, wicked	豺 is a jackal/dhole, not a wolf (狼).
貘	3	wrong_sense	mò		panther, tapir	tapir	'panther' is an archaic/dictionary gloss; modern meaning is only tapir.
賁	3	sense_of_other_reading	bì	bì	to forge ahead; energetic; surname	bright, ornamented	The bì reading means 'ornamented'. 'Forge ahead / energetic' belongs to the bēn reading (虎贲), and 'surname' is a stray alternative.
賈	3	sense_of_other_reading	jiǎ	jiǎ	merchant; to buy, to trade; surname	surname Jia	'Merchant; to trade' belongs to the reading gǔ; jiǎ is the surname.
贲	3	sense_of_other_reading	bì	bì	to forge ahead; energetic; surname	bright, ornamented; (as in 贲临) to honor with one's presence	'forge ahead; energetic' belong to bēn (虎贲, =奔); surname is a loophole.
贾	3	sense_of_other_reading	jiǎ	jiǎ	merchant; to buy, to trade; surname	surname Jia	merchant/trade senses belong to gǔ reading
赁	3	wrong_sense	lìn		to rent, to lease; to hire; employee	to rent, to lease; to hire	'employee' is not a meaning of 赁 and would accept a wrong answer.
趄	3	wrong_sense	jū		weak, lame	used in 趑趄: to hesitate to go forward	'Weak, lame' is wrong. As jū it only appears in 趑趄 (to hesitate); in 趔趄 it is read qie (to stagger).
跄	3	reading_wrong	qiāng	qiàng	to stagger, to stumble	to stagger, to stumble	Stagger sense (踉跄 liàngqiàng) is qiàng; qiāng is 跄跄 'dignified gait'.
跡	3	reading_wrong	jī	jì	trace, sign, mark, footprint	trace, sign, mark, footprint	PRC standard reading is jì (variant of 迹); jī is Taiwan usage.
踉	3	reading_wrong	liáng	liàng	to hop, to jump; hurried, urgent	to stagger (as in 踉跄)	The modern use is liàng in 踉跄. Liáng 'to hop' is a rare literary reading.
踣	3	wrong_sense	bó		stiff, corpse-like; rigor mortis	to fall down, to stumble; to fall prostrate	踣 means to fall/stumble; 'stiff, corpse-like; rigor mortis' is wrong.
蹊	3	reading_wrong	qī	xī	trail, footpath	footpath, trail; way	Meaning 'footpath' (蹊径) is read xī; qī only in 蹊跷.
蹟	3	reading_wrong	jī	jì	trace, tracks; footprints	trace, tracks; footprints	Variant of 迹, read jì in PRC standard.
蹦	3	wrong_sense	bèng		to jump, to bounce on; bright	to jump, to hop, to bounce	'bright' is not a meaning of 蹦.
軋	3	sense_of_other_reading	yà		to crush, to grind; mill, roller	to crush, to run over; to squeeze out	'mill, roller' belongs to zhá (轧钢), not yà.
輔	3	misleading_first_sense	fǔ		side road; to assist, to coach, to tutor	to assist, to help; to coach, to tutor	'side road' is not a modern sense; main meaning is assist (辅助/辅导).
輸	3	main_sense_missing	shū		to carry, to haul, to transport	to lose (a game, bet); to transport, to convey	Main modern meaning 'to lose' missing.
輾	3	reading_wrong	niǎn	zhǎn	to roll over; to turn on a side	to turn over; to toss and turn (as in 辗转)	The main modern reading is zhǎn (辗转). niǎn is the old variant reading used for 碾, and 'roll over' belongs to that reading.
轅	3	wrong_sense	yuán		axle; magistrate's office; surname	shafts of a cart; yamen, magistrate's office	Main sense is cart shafts, not axle; drop surname.
转	3	sense_of_other_reading	zhuǎn		to move, to convey; to turn, to revolve, to circle; to forward mail	to turn, to change direction; to transfer; to forward (mail)	'revolve, circle' belongs to zhuàn.
辄	3	wrong_sense	zhé		often, readily; scattered; the weapon-rack of a chariot	then, always; often, readily	'scattered' is wrong and 'weapon-rack of a chariot' is archaic; main modern sense is 'then/always' as in 动辄.
输	3	main_sense_missing	shū		to carry, to haul, to transport	to lose (a game, bet, etc.); to transport, to convey	The most common modern meaning, 'to lose', is missing.
辗	3	reading_wrong	niǎn	zhǎn	to roll over; to turn on a side	to toss and turn; to pass through many hands (as in 辗转)	The main modern reading is zhǎn (辗转). niǎn is only a variant reading used as 碾.
辟	3	sense_of_other_reading	pì		law, rule; to open up, to develop	to open up, to develop; incisive	'law, rule' belongs to the bì reading.
迈	3	misleading_first_sense	mài		old; to pass by, to take a stride	to stride, to step; (of age) old	Main modern sense is to stride/step; 'old' (老迈) is secondary and should not lead.
迴	3	main_sense_missing	huí		to rotate, to revolve; curve, zig-zag	to return, to go back; to circle, to revolve; winding	Traditional form of 回; core 'return' sense missing.
迷	3	main_sense_missing	mí		to bewitch, to charm; a fan of; infatuated	to be lost, to be confused; fan, enthusiast; to be infatuated	The core sense 'lost/confused' (迷路) is missing.
迹	3	reading_wrong	jī	jì	trace, sign, mark, footprint		Standard modern reading is jì (痕迹, 足迹); jī is not the XH reading.
逮	3	sense_of_other_reading	dǎi		to catch, to seize; to arrive, to reach	to catch, to seize (colloquial)	'to arrive, to reach' belongs to the dài reading (also 逮捕 dàibǔ).
遂	3	wrong_sense	suì		to fail; to follow, to comply with	to satisfy, to fulfil; to succeed; then, thereupon	'to fail' is the opposite of the meaning (未遂 = not achieved); 遂 means to fulfil/satisfy.
遍	3	main_sense_missing	biàn		everywhere, all over, throughout	time (measure word for a complete action); everywhere, all over	Main modern use is as the measure word 一遍, and it is missing.
遛	3	reading_wrong	liú	liù	to walk, to stroll	to stroll, to walk (a pet)	The 'stroll/walk the dog' sense is read liù (遛弯儿, 遛狗). liú only means 'to linger' in 逗遛.
還	3	sense_of_other_reading	hái		also, besides; still, yet; to return	also, besides; still, yet	'to return' is the huán reading; pinyin stored is hái.
郇	3	sense_of_other_reading	huán	xún	an ancient feudal state in Shaanxi province	Xun, an ancient state in Shanxi; surname	The ancient-state sense is read xún; huán is the surname reading. The state was also in Shanxi, not Shaanxi.
酉	3	main_sense_missing	yǒu		wine; wine vessel; chemical	10th of the Earthly Branches; 5-7 p.m.	The main meaning is the Earthly Branch. 'Chemical' is only a sense of the radical and would accept a wrong answer.
酊	3	sense_of_other_reading	dīng	dǐng	drunk, intoxicated	tincture (dīng); drunk as in 酩酊 (dǐng)	'drunk' belongs to dǐng (酩酊); dīng means tincture (碘酊).
酢	3	sense_of_other_reading	cù	zuò	a toast to the host	to toast the host (in return) (as in 酬酢)	'toast to the host' is the zuò reading (酬酢); cù is only a variant of 醋 'vinegar'. Change the reading to zuò, or keep cù and use 'vinegar'.
醜	3	wrong_sense	chǒu		ugly; shameful; comedian, clown	ugly; shameful, disgraceful	The clown role in opera is written 丑, not 醜 (丑 is used for this even in traditional characters). 'comedian, clown' is wrong for 醜.
重	3	sense_of_other_reading	zhòng		heavy, weighty; to double, to repeat	heavy, weighty; important; serious	'to double, to repeat' belongs to the chóng reading (重复), not zhòng.
鈔	3	wrong_sense	chāo		bank note, paper money; to counterfeit	banknote, paper money; cash	'to counterfeit' is wrong; the verb sense of 钞 is an old variant of 抄 (to copy).
鉄	3	reading_wrong	zhí	tiě	iron; strong, solid, firm	iron (variant of 铁)	The 'iron' meaning goes with the tiě reading; zhí is an obscure archaic reading
銚	3	sense_of_other_reading	diào		hoe; spear; surname	small cooking pot with a handle (for boiling water or herbal medicine)	With the reading diào, 铫 means a small pot (铫子). 'Hoe' and 'surname' belong to the reading yáo, and 'spear' is archaic.
錶	3	misleading_first_sense	biǎo		to show, to express, to display; outside, appearance; a watch	watch, wristwatch; meter, gauge	錶 only means watch/meter; show/express/outside belong to 表.
鎮	3	main_sense_missing	zhèn		calm, composed; to control, to suppress	town; to suppress, to guard; to calm; to chill (with ice)	Main meaning 'town' is missing; 'calm, composed' is misleading as the first sense.
鐺	3	sense_of_other_reading	dāng		frying pan; warming vessel	clang, clank (sound of metal); small bell	Frying pan / warming vessel is the chēng reading (餅鐺); dāng is onomatopoeia for metal clanging.
鐾	3	wrong_sense	bèi		a flat iron cooking-plate for cakes	to sharpen (a knife) on leather or stone	The cooking-plate meaning belongs to 鏊 (ào).
鑽	3	sense_of_other_reading	zuān		diamond; to bore, to drill, to pierce	to drill, to bore, to pierce; to go into; to study intensively	'diamond' is zuàn (钻石), not zuān.
钞	3	wrong_sense	chāo		bank note, paper money; to counterfeit	banknote, paper money	'to counterfeit' is incorrect; archaic verb senses are to copy/plunder. Remove.
钠	3	wrong_sense	nà		sodium, natrium; to sharpen wood	sodium	'to sharpen wood' isn't a modern meaning of 钠.
钶	3	reading_wrong	ē	kē	columbium	columbium (niobium)	Reading is kē, not ē.
钻	3	sense_of_other_reading	zuān		diamond; to bore, to drill, to pierce	to drill, to bore; to go through, to get into; to study intensively	'diamond' is zuàn (钻石), not zuān.
铍	3	reading_wrong	pī	pí	beryllium		Standard reading for beryllium is pí.
铛	3	sense_of_other_reading	dāng		frying pan; warming vessel	clank, clang (onomatopoeia); small gong	'frying pan' and 'warming vessel' belong to the chēng reading. With dāng, the meaning is the clanging sound.
铞	3	wrong_sense	diào		sword	hasp (in 钌铞儿)	'sword' is wrong.
铤	3	sense_of_other_reading	dìng		ingots, metal bars; to hurry	ingot, metal bar	'to hurry' belongs to tǐng (铤而走险).
铫	3	sense_of_other_reading	diào		hoe; spear; surname	pot with a handle for boiling water or herbs (铫子)	hoe/spear/surname belong to the yáo reading.
键	3	misleading_first_sense	jiàn		lock, door bolt; key	key (on a keyboard/piano); button; (chemical) bond	The modern main sense is a keyboard or piano key. 'Lock, door bolt' is archaic.
镇	3	main_sense_missing	zhèn		calm, composed; to control, to suppress	town; to suppress, to calm; to chill (with ice)	'Town' is the main modern sense and it's missing.
镏	3	wrong_sense	liú	liú	to distill; lutetium; surname	to gild (as in 镏金)	'To distill' belongs to 馏. 'Lutetium' is the Taiwan usage (PRC writes 镥). The PRC meaning for liú is gilding.
镐	3	main_sense_missing	gǎo		stove; bright	pick, pickaxe	gǎo = pickaxe (镐头); 'stove; bright' are not gǎo meanings (hào is 镐京).
镗	3	reading_wrong	tāng	táng	awl, boring tool	to bore (metal); boring machine	The boring-tool meaning (镗床) is read táng. Read tāng, it is the sound word for a clang.
镦	3	reading_wrong	duì	dūn	ferrule; to castrate	to upset (in forging), to stamp; to castrate	Main modern reading is dūn (镦粗). The duì reading only means the ferrule on a spear butt. 'To castrate' belongs to dūn.
镪	3	sense_of_other_reading	qiāng	qiāng	coins, money, wealth	strong acid (as in 镪水)	coins/money is the archaic qiǎng reading; qiāng = strong acid
镫	3	main_sense_missing	dèng		lamp; a kind of cooking vessel	stirrup	The main modern meaning, stirrup (马镫), is missing. 'Lamp' and 'cooking vessel' are archaic.
闆	3	wrong_sense	bǎn		board, plank; plate, slab; unnatural, stiff	boss (as in 老闆)	Board/plank/slab/stiff are senses of 板; 闆 is used essentially only in 老闆.
闕	3	sense_of_other_reading	quē	què	palace; watchtower	palace gate towers; imperial palace	palace/watchtower is què; quē means lacking/deficient
闞	3	reading_wrong	hǎn	kàn	to glance, to peep; to growl, to roar	to look, to peep; surname Kan	The main modern reading is kàn: it's the surname, and 'to peep, to glance' belongs to this reading. hǎn is only the tiger's roar, so 'glance, peep' doesn't fit the stored reading.
闫	3	reading_wrong	yàn	yán	village gate	surname Yan	Modern reading is yán, used as a surname (variant of 阎).
闲	3	misleading_first_sense	xián		fence, guard; to defend; idle time	idle, unoccupied, free; leisure, spare time	Leads with archaic 'fence, guard; to defend'; main meaning idle/leisure is last.
阄	3	wrong_sense	jiū		chance, risk; to draw lots	lot (for drawing lots); to draw lots	阄 means a lot/slip drawn (抓阄); 'chance, risk' is wrong and would accept wrong answers.
阇	3	sense_of_other_reading	dū		a Buddhist high priest	watchtower over a city gate	'Buddhist high priest' belongs to the shé reading (阇梨); dū means a city-gate tower (闉阇).
阕	3	wrong_sense	què		to close, to shut; watchtower	measure word for songs or ci poems; to end, to finish	'Watchtower' is a meaning of 阙, not 阕. The modern main sense (measure word for songs/ci) is missing.
阙	3	sense_of_other_reading	quē	què	palace; watchtower	imperial palace; watchtower (què); deficiency, lacking (quē)	Stored as quē (= 缺, lacking), but the meanings palace/watchtower belong to què. Reading and meaning don't match.
阚	3	sense_of_other_reading	hǎn		to glance, to peep; to growl, to roar	(of a tiger) to roar, to growl	'to glance, to peep' belongs to kàn (also the surname); hǎn only means a tiger's roar.
陇	3	wrong_sense	lǒng		a mountain located in the Shanxi provice	Gansu (abbr.); Long Mountains (Shaanxi–Gansu border)	Current gloss is wrong (Shanxi, typo) and misses the main modern sense: short name for Gansu.
陕	3	wrong_sense	shǎn		mountain pass; the Shanxi province	short for Shaanxi province	陕西 is Shaanxi, not Shanxi (山西); 'mountain pass' is archaic.
陝	3	wrong_sense	shǎn		mountain pass; the Shanxi province	Shaanxi province (abbr.)	陕 is Shaanxi (陕西), not Shanxi (山西); 'mountain pass' is not a modern meaning.
陸	3	sense_of_other_reading	lù		land, continent; six (bankers' anti-fraud numeral)	land, continent	The 'six' anti-fraud numeral sense is read liù, not lù.
隴	3	wrong_sense	lǒng		a mountain located in the Shanxi provice	short name for Gansu province; Long mountains (Shaanxi–Gansu border)	The factual description is wrong (and contains the typo 'provice'): 隴 is the short name for Gansu.
隻	3	wrong_sense	zhī		only, merely, just	measure word for animals, one of a pair; single, lone	'only, merely' belongs to 只 zhǐ, not 隻 zhī.
隽	3	sense_of_other_reading	juàn		superior, outstanding, talented	meaningful, profound (as in 隽永)	'outstanding, talented' belongs to the jùn reading (same as 俊); juàn means 'meaningful/profound'.
雋	3	sense_of_other_reading	juàn		superior, outstanding, talented	meaningful, thought-provoking (as in 隽永)	'Outstanding, talented' is jùn (same as 俊); juàn means meaningful or lasting in flavor.
霰	3	reading_wrong	sǎn	xiàn	hail, sleet	sleet, graupel	Standard reading is xiàn.
靓	3	reading_wrong	jìng	liàng	ornament; pretty; to apply make-up	pretty, good-looking	Main modern reading is liàng (靓丽, 靓女); jìng is the literary reading meaning 'to adorn'.
鞒	3	wrong_sense	qiáo		boot, mud shoe, snowshoe	saddle bow (raised front or back of a saddle)	鞒 means the arched part of a saddle (鞍鞒), not boots or snowshoes.
韆	3	wrong_sense	qiān		thousand, many, numerous; swing, seesaw	swing (as in 鞦韆)	'thousand, many' is the meaning of 千; 韆 only appears in 鞦韆.
韋	3	grading_loophole	wéi		tanned leather; surname	tanned leather, hide	Stray 'surname' alternative accepts a non-meaning answer.
颉	3	reading_wrong	jié	xié	contest; to fly, to soar	to fly upward; to contend (as in 颉颃); jié in the name Cangjie 仓颉	Main reading is xié; the meanings given belong to xié (颉颃). Jié is only used in 仓颉.
颗	3	main_sense_missing	kē		grain, kernel	measure word for small round things (pearls, teeth, hearts, etc.); grain	The main modern use as a measure word is missing.
题	3	misleading_first_sense	tí		forehead; headline, title; theme	topic, subject; question, problem; title, headline; to inscribe	'forehead' is archaic and listed first; main modern sense (question/topic as in 问题, 题目) missing.
颳	3	wrong_sense	guā		to shave; to scrape; to blow	to blow (of wind)	Shave/scrape belong to 刮; 颳 is only 'to blow' (wind).
飽	3	main_sense_missing	bǎo		satisfied; to eat one's fill	full (after eating), satiated; to eat one's fill; plump, full	Core meaning 'full (from eating)' missing; 'satisfied' is secondary.
饧	3	reading_wrong	táng	xíng	syrup, molasses, malt sugar; sticky	malt sugar, maltose; sticky, soft (of dough)	XHC main reading is xíng; táng is archaic variant.
饶	3	main_sense_missing	ráo		abundant, bountiful	to spare, to forgive; abundant, plentiful	The common modern sense 'to spare/forgive' (饶了我) is missing.
馔	3	misleading_first_sense	zhuàn		to feed, support, provide for; food	food, delicacies; meal	Modern sense is food/fine dishes (盛馔); 'to feed, support, provide for' is not a modern meaning.
馮	3	sense_of_other_reading	féng		to gallop; by dint of; surname	surname Feng	'to gallop; by dint of' belong to the píng reading (=凭); féng is essentially a surname.
馴	3	reading_wrong	xún	xùn	tame, obedient, docile		Modern standard reading of 驯 is xùn.
駐	3	misleading_first_sense	zhù		stable; station, garrison	to be stationed, to be based; to stay, to halt	Main modern meaning is to be stationed/stay (驻扎, 驻华). 'stable' is misleading and shown first.
驟	3	misleading_first_sense	zhòu		procedure; sudden, abrupt; to gallop	sudden, abrupt; to gallop	'procedure' only in compound 步骤; not a meaning of the character alone.
驻	3	misleading_first_sense	zhù		stable; station, garrison	to be stationed, to garrison; to stay, to halt	'Stable' is wrong, and the main verb meaning is missing.
骣	3	wrong_sense	chǎn		wild horse, mustang; wild, free	to ride a horse bareback	骣 means riding without a saddle (骣骑). It does not mean a wild horse.
骤	3	grading_loophole	zhòu		procedure; sudden, abrupt; to gallop	sudden, abrupt; to gallop	'Procedure' belongs to the compound 步骤, not to 骤 alone.
髒	3	reading_wrong	zàng	zāng	organs, viscera; dirty, filthy	dirty, filthy	髒 is trad. of 脏 zāng 'dirty'; 'organs, viscera' (zàng) belongs to 臟.
髮	3	reading_wrong	fā	fà	to issue, to dispatch, to send out; hair	hair	Traditional form of 发 (fà) meaning 'hair'. The 'issue/dispatch/send out' senses belong to 發 (fā), so the pinyin and those alternatives are wrong.
鬍	3	wrong_sense	hú		recklessly, foolishly; wildly	beard, moustache, whiskers	Given senses belong to 胡; 鬍 means beard.
鬚	3	wrong_sense	xū		beard; must; necessary	beard, mustache; whiskers	'must; necessary' belongs to 須, not 鬚.
鬭	3	wrong_sense	dòu		to struggle, to fight; woodwork, carpentry	to fight, to struggle	'woodwork, carpentry' is not a meaning of 鬭.
鯤	3	main_sense_missing	kūn		spawn; roe; fry	kun (giant mythical fish)	Modern sense is the legendary giant fish; roe/fry is archaic.
鱒	3	wrong_sense	zūn		barbel	trout	鳟鱼 is trout, not barbel.
鲃	3	wrong_sense	bā		shark; bonito	barbel (fish)	鲃 is barbel (Barbus), not shark/bonito.
鲲	3	misleading_first_sense	kūn		spawn; roe; fry	kun, legendary giant fish	Main sense is the mythical huge fish; 'roe/fry' is archaic.
鲴	3	wrong_sense	gù		fish guts	Xenocypris (a cyprinid fish)	Modern sense is a fish genus; 'fish guts' is archaic.
鲺	3	wrong_sense	shī		cat fish	fish louse	鲺 is Argulus, a fish louse, not catfish.
鲼	3	grading_loophole	fèn		fish	eagle ray; ray	The generic 'fish' accepts almost any answer; the character means a ray.
鳘	3	wrong_sense	mǐn		codfish	miiuy croaker (fish)	鳘鱼 is the miiuy croaker (鮸鱼), not cod; cod is 鳕.
鳟	3	wrong_sense	zūn		barbel	trout	鳟/鳟鱼 is trout in modern Mandarin, not barbel.
鴣	3	wrong_sense	gū		species of Taiwan pigeon	partridge (in 鹧鸪)	Part of 鹧鸪 partridge, not a Taiwan pigeon.
鴯	3	wrong_sense	ér		swallow	emu (in 鸸鹋)	Used in 鸸鹋 emu; 'swallow' is wrong.
鵠	3	reading_wrong	gǔ	hú	swan	swan	Main reading hú = swan; gǔ only means 'target' (鹄的). Stored reading mismatches the meaning.
鶻	3	reading_wrong	gǔ	hú	a kind of pigeon; treron permagna	falcon	Main modern reading is hú, 'falcon'. gǔ is only an obscure bird from old texts (鹘鸼).
鸘	3	wrong_sense	shuāng		eagle	sushuang (鹔鹴), a legendary goose-like bird	Not an eagle.
鸪	3	wrong_sense	gū		species of Taiwan pigeon	partridge (in 鹧鸪); turtledove (in 鹁鸪)	'species of Taiwan pigeon' is inaccurate; the character is used in 鹧鸪 and 鹁鸪.
鸸	3	wrong_sense	ér		swallow	(used in 鸸鹋) emu	Only used in 鸸鹋 emu; 'swallow' is wrong.
鹄	3	reading_wrong	gǔ	hú	swan	swan	Swan sense is hú; gǔ means target/bullseye (中鹄).
鹘	3	reading_wrong	gǔ	hú	a kind of pigeon; treron permagna	falcon	The main modern reading is hú (falcon). The gǔ reading (as in 鹘鸼) is archaic.
鹙	3	wrong_sense	qiū		waterfowl; Garrulus glandarius	adjutant stork, marabou	Garrulus glandarius is the jay; 鹙 is the adjutant/marabou stork (秃鹙).
鹣	3	wrong_sense	jiān		phoenix; fabulous mythical bird	mythical bird that flies with one wing in pairs (鹣鹣)	鹣 is the paired one-winged bird, not the phoenix.
鹹	3	wrong_sense	xián		all, together, united; salted	salty	'all, together, united' belongs to 咸 as a separate word, not to the traditional form 鹹, which means salty.
麇	3	sense_of_other_reading	jūn		hornless deer; to collect; to band together	river deer	'to collect; band together' is the qún reading (麇集 qúnjí).
齦	3	reading_wrong	kěn	yín	gums	gums	Main modern reading for gums is yín; kěn is the 'gnaw' reading.
龈	3	reading_wrong	kěn	yín	gums	gums	The standard modern reading for 'gums' (牙龈) is yín. The reading kěn belongs to an old sense, 'to gnaw' (now written 啃).
龚	3	misleading_first_sense	gōng		to give, to present; reverential	surname Gong	Modern use is essentially only the surname; 'to give/present; reverential' are archaic senses (cf. 供/恭) and would accept wrong answers.
㒸	2	wrong_sense	suì		to obey, to follow; year, season, harvest	to follow; to comply	'year, season, harvest' seems taken from 歲.
䴉	2	wrong_sense	huán		spoonbill, ibis; Threskiornidae	ibis	Spoonbill is 琵鹭, not 䴉 (鹮).
丐	2	grading_loophole	gài		beggar; to beg; to give	beggar; to beg	'to give' is an old-fashioned sense and not modern.
丘	2	grading_loophole	qiū		mound, hill; surname	mound, hill	'surname' as an alternative would accept a wrong answer.
丱	2	sense_of_other_reading	guàn		a child's hair bound in two tufts; ore	a child's hair bound in two tufts	'ore' belongs to the reading kuàng (variant of 矿), not guàn.
乱	2	main_sense_missing	luàn		anarchy, chaos; revolt	messy, disorderly, in a mess; chaos; arbitrarily; revolt	Main adjective sense 'messy, in disorder' is missing.
于	2	grading_loophole	yú		at, in, on; to, from; alas!	at, in, on; to, from; than	"alas!" is a classical exclamation (于嗟), not a modern meaning.
亓	2	misleading_first_sense	qí		that; surname	surname Qi	'That' is an old use (standing for 其); modern use is essentially the surname.
亨	2	main_sense_missing	hēng		prospering, going smoothly	going smoothly, prosperous	This is fine as is. Flag withdrawn: severity would be low.
亭	2	grading_loophole	tíng		pavilion; erect	pavilion; kiosk, booth	'Erect' is an archaic or literary sense, as in 亭亭.
亵	2	misleading_first_sense	xiè		dirty, ragged; slight, insult, disrespect	disrespectful, irreverent; obscene, indecent	'dirty, ragged' is archaic
亹	2	reading_wrong	mén	wěi	busy; resolute; to exert; to make progress	diligent, tireless (亹亹)	The meanings listed ('diligent / making progress') go with the wěi reading. mén is only used in place names.
仑	2	main_sense_missing	lún		logical reasons, logical order	used in 昆仑 Kunlun (mountains); order, logic	Today the character is used almost only in 昆仑. 'Logical order' is an old literary sense.
仓	2	wrong_sense	cāng		granary, barn; cabin, berth	granary, barn, storehouse, warehouse	'cabin, berth' belongs to 舱, not 仓.
仗	2	unusable	zhàng		1to rely upon; protector; to fight; war, weaponry	to rely on; battle, war; weaponry	Stray '1' in the translation text.
仟	2	grading_loophole	qiān		one thousand; leader of one thousand men	thousand (formal/banker's form of 千)	Archaic 'leader of one thousand men' is a stray alternative.
以	2	main_sense_missing	yǐ		according to; so as to; because of; then	with, by means of; to use; according to; so as to; because of	Core 'with/by means of/use' missing; 'then' dubious.
仫	2	wrong_sense	mù		tribe	used in 仫佬 (Mulao ethnic group)	Only used in 仫佬族; 'tribe' is wrong and lets a wrong answer through.
仲	2	grading_loophole	zhòng		middle brother; go between, mediator; surname	second (in order); middle brother; intermediary	'surname' works as a stray alternative that lets a wrong answer pass. The sense 'second in order / middle' (仲秋) is also missing.
企	2	main_sense_missing	qǐ		to plan a project; to stand on tiptoe	to hope for, to look forward to; enterprise; to stand on tiptoe	The main senses (to hope for; enterprise, as in 企业) are missing; 'to plan a project' isn't a standard meaning.
传	2	wrong_sense	chuán		to pass on; to propagate; to transmit; summons	to pass on; to spread; to transmit	'summons' is not a standalone meaning of the character (it belongs to 传唤).
伯	2	misleading_first_sense	bó		older brother; father's elder brother; sir, sire, count	father's elder brother, uncle; count (title)	'older brother' is archaic (eldest brother); main modern sense is uncle. 'sir, sire' not modern.
伶	2	main_sense_missing	líng		clever; lonely, solitary	actor, performer; (in 伶俐) clever; (in 伶仃) lonely	Core meaning actor/performer is missing.
伸	2	wrong_sense	shēn		to extend, to stretch out, to open up; to trust	to extend, to stretch out	'to trust' is not a modern meaning of 伸.
伺	2	sense_of_other_reading	cì		to serve, to wait upon, to attend; to examine	to serve, to wait upon (伺候)	'to examine/watch' is the sì reading (伺机)
但	2	misleading_first_sense	dàn		only; but, however, yet, still	but, however, yet; only	Main modern sense 'but' should come first; 'only' is literary.
位	2	main_sense_missing	wèi		seat, throne; rank, status; position, location	polite measure word for people; position, location; seat	The polite measure word for people (一位老师) is missing.
余	2	grading_loophole	yú		surplus, remainder; surname	surplus, remainder; more than, odd (as in 十余, ten-odd)	The stray 'surname' alternative accepts a wrong answer.
佚	2	main_sense_missing	yì		to indulge in pleasures; to flee	lost (as in 佚失); leisurely	The main modern sense 'lost' is missing; 'to flee' is archaic.
併	2	wrong_sense	bìng		to combine, to annex; also, what's more	to combine, to merge, to annex	'Also, what's more' is the adverb sense of 並/并, not 併.
佻	2	wrong_sense	tiāo		frivolous, unsteady; delay	frivolous, flippant	'delay' is archaic, not a modern meaning.
使	2	main_sense_missing	shǐ		cause, mission, orders; envoy, messenger, ambassador	to make, to cause; to use; envoy, messenger	The main verb senses 'to use' and 'to make (someone do)' are missing.
侃	2	main_sense_missing	kǎn		upright and strong; amiable	to chat idly, to shoot the breeze; upright and strong	The main modern sense, to chat or talk casually (侃大山), is missing. The only senses given are literary.
侍	2	wrong_sense	shì		to serve, to attend upon; servant, attendant; samurai	to serve, to attend upon; attendant	'samurai' is a Japanese meaning, not Chinese.
侑	2	wrong_sense	yòu		help, assist, repay kindness	to urge (someone) to eat or drink	The standard meaning is to urge someone to eat or drink (侑食); 'help, repay kindness' is misleading.
侬	2	grading_loophole	nóng		I; you; surname	you (Wu dialect); I (literary)	Stray 'surname' alternative.
俎	2	wrong_sense	zǔ		chopping board or block; painted	sacrificial stand; chopping board	'Painted' is wrong.
俛	2	sense_of_other_reading	fǔ		to make an effort, to endeavor; to bear down	to bow the head (variant of 俯)	'Endeavor' belongs to the miǎn reading.
俜	2	wrong_sense	pīng		to trust to; send a message	lonely, alone (as in 伶俜)	The given meanings are wrong and seem to come from 聘/娉.
修	2	misleading_first_sense	xiū		to study; to repair; to decorate; to cultivate	to repair; to build; to study; to cultivate	Main sense repair/build should come first.
倉	2	wrong_sense	cāng		granary, barn; cabin, berth	granary, storehouse, warehouse	'cabin, berth' belongs to 艙, not 倉.
個	2	misleading_first_sense	gè		this, that; single; measure word for individuals	measure word for people and objects; individual, single	The measure word is the main sense; 'this, that' shouldn't come first.
倥	2	sense_of_other_reading	kōng		boorish, ignorant; urgent, pressing	ignorant, boorish (as in 倥侗)	'urgent, pressing' is kǒng (倥偬), not kōng.
倩	2	grading_loophole	qiàn		beautiful, lovely; son-in-law	beautiful, lovely; to ask someone to do something	'son-in-law' is an old-fashioned sense and not modern.
倪	2	misleading_first_sense	ní		feeble, tiny, young and weak	edge, limit; beginning, clue (as in 端倪)	'feeble, tiny, young and weak' is an archaic classical sense; modern use is 端倪 and the surname.
倭	2	misleading_first_sense	wō		dwarf; dwarfish, short	(old, now derogatory) Japan, Japanese	'Dwarf' is archaic; the modern sense is the old name for Japan.
倾	2	main_sense_missing	qīng		to upset, to pour out, to overflow	to lean, to incline, to tilt; to collapse; to pour out	The main sense, lean/incline (倾斜, 倾向), is missing.
停	2	grading_loophole	tíng		to suspend, to halt, to delay; suitable	to stop, to halt, to park; to suspend	'suitable' is a stray literary sense (停当); the main 'stop/park' senses are missing.
偻	2	sense_of_other_reading	lóu		humpback; surname	hunchbacked (佝偻)	The word for hunchback, 佝偻 gōulóu, has lóu. The lǚ reading means 'quickly/repeatedly'. 'surname' is a stray alternative that lets a wrong answer pass.
傧	2	misleading_first_sense	bīn		to entertain guests	best man, bridesmaid (傧相); to receive guests	In modern use it mainly appears in 傧相, the wedding attendant.
储	2	grading_loophole	chǔ		to save money, to store, to reserve; heir	to store, to save, to reserve	'heir' is archaic (储君, crown prince). Modern usage is about storing.
傾	2	misleading_first_sense	qīng		to upset, to pour out, to overflow	to lean, to incline; to collapse; to pour out	Main sense is to lean/incline.
僂	2	grading_loophole	lóu		humpback; surname	hunchbacked, stooped; bent (as in 佝偻)	'surname' lets a wrong answer pass; the main sense 'bent/stooped' is missing.
僕	2	misleading_first_sense	pú		to fall forward; prostrate, prone; servant	servant	'to fall forward; prostrate' is the pū reading (仆倒); the main meaning with pú is servant.
僖	2	grading_loophole	xī		joy, gladness, delight; surname	joy, gladness, delight	Stray 'surname' alternative.
僚	2	wrong_sense	liáo		companion, colleague; officials; bureaucracy; a pretty face	colleague; official; bureaucracy	'a pretty face' is archaic/obscure, should be removed.
儂	2	grading_loophole	nóng		I; you; surname	you (Wu dialect); I (classical)	Stray 'surname'; 'you' is the modern sense.
兖	2	wrong_sense	yǎn		to establish; a province	Yanzhou (place name); one of the nine ancient provinces	'to establish' is not a standard modern meaning; the character is used in place names.
兗	2	wrong_sense	yǎn		to establish; a province	Yan (ancient province; as in 兖州 Yanzhou)	'to establish' is not a modern meaning; the character is used essentially only in place names.
冋	2	wrong_sense	jiōng		desert; border	remote outskirts, borderland	'Desert' is not a sense; means distant wilds/borders.
冒	2	main_sense_missing	mào		to risk, to brave, to dare	to emit, to give off, to send out; to risk, to brave; to pretend to be	Core sense 'to emit/give off' (冒烟, 冒汗) missing.
凇	2	wrong_sense	sōng		dewdrop; icicle	rime, frost (as in 雾凇)	凇 means rime or hoarfrost, as in 雾凇 and 雨凇. 'Dewdrop' is wrong.
则	2	main_sense_missing	zé		rule, law, regulation; grades	rule, regulation; then, in that case; (counter for items of news or text)	The common connecting sense 'then, in that case' (as in 否则) and the counter use (一则新闻) are missing; 'grades' is an old sense learners won't meet.
則	2	main_sense_missing	zé		rule, law, regulation; grades	rule, standard; then; however; (measure word for items of news)	The main conjunction sense 'then/however' is missing. 'grades' is odd.
剌	2	sense_of_other_reading	lá		to slash, to cut in two; to contradict	to slash, to cut open	'to contradict' (乖剌) belongs to là.
剞	2	grading_loophole	jī		carving or engraving; knife; grave	carving knife; to engrave	'grave' is a mistake for 'engrave' and would accept 'tomb'.
剩	2	misleading_first_sense	shèng		leftovers, residue, remains	to be left over, to remain; surplus	Main sense is the verb 'to be left over / remain'; only noun glosses are given.
劄	2	reading_wrong	zhā	zhá	memo, note, official communique	memo, note, official communique	The memo/official-note sense (劄子) is read zhá; zhā is the reading when 劄 is a variant of 扎.
劊	2	misleading_first_sense	guì		to amputate, to cut off	to cut off (as in 劊子手, executioner)	'To amputate' is misleading. The character is only used in 劊子手.
劵	2	wrong_sense	juàn		certificate, ticket; title deed	tired, weary	'Ticket, certificate' belongs to 券 quàn; 劵 is a variant of 倦 (tired) and a common mistaken form of 券.
勳	2	wrong_sense	xūn	xūn	dead, feat; merit, rank	meritorious deed, merit; rank	'dead' is a typo for 'deed' and would accept a wrong answer.
匙	2	grading_loophole	chí		spoon; surname	spoon	Stray 'surname' alternative.
匯	2	main_sense_missing	huì		to gather, to collect; confluence	to remit; to gather, to converge; exchange (currency)	Main modern senses 'remit' and 'exchange' (汇款, 汇率) are missing.
区	2	sense_of_other_reading	qū		area, district, region, ward; surname	area, district, region	Surname reading is Ōu, not qū.
匾	2	misleading_first_sense	biǎn		a board, sign, or tablet made from bamboo	horizontal inscribed board, plaque	The main sense is an inscribed plaque. The bamboo-tray sense is secondary.
區	2	grading_loophole	qū		area, district, region, ward; surname	area, district, region, ward	The surname is read Ōu, not qū, so 'surname' should be removed.
卉	2	grading_loophole	huì		general term for plants; myriads	plants; grass (general term)	'Myriads' is archaic and would accept a wrong answer.
卞	2	misleading_first_sense	biàn		to be impatient; hasty, excitable	surname Bian	Mainly a surname. 'Impatient' is archaic (卞急).
卣	2	wrong_sense	yǒu		a vessel of wine	ancient bronze wine vessel	Clarify that it is an ancient bronze wine vessel.
厓	2	grading_loophole	yá		precipice; river bank, shore; surname	precipice, cliff; river bank, shore	Remove the stray 'surname' alternative.
厕	2	wrong_sense	cè		toilet, washroom; to mingle	toilet, washroom	'to mingle' is an old literary sense (厕身) and shouldn't be an accepted answer.
厝	2	wrong_sense	cuò		to bury; grave, tombstone; to cut, to engrave	to place; to lay a coffin in temporary rest before burial	'to cut, to engrave' belongs to 错 (whetstone sense); 'grave, tombstone' is inaccurate.
变	2	wrong_sense	biàn		to change, to transform, to alter; rebel	to change, to transform, to alter	'rebel' is misleading; 变 means an incident or uprising (兵变), not a rebel.
召	2	misleading_first_sense	zhào		imperial decree; to summon, to call, to beckon	to summon, to call, to convene	Main modern sense is 'summon'; 'imperial decree' shouldn't come first.
叽	2	misleading_first_sense	jī		to grumble; to sigh	(onomatopoeia) chirp, twitter; to mutter (in 叽咕)	Its main use is as a sound word (叽叽喳喳); 'to sigh' is wrong.
吊	2	misleading_first_sense	diào		to condole, to mourn, to pity; to hang	to hang, to suspend; to condole, to mourn	'To hang' is the main modern meaning and should come first; 'to pity' is archaic.
吞	2	misleading_first_sense	tūn		to absorb, to annex; to engulf; to swallow	to swallow, to gulp down; to engulf; to annex, to absorb	The main meaning 'to swallow' is listed last.
吶	2	sense_of_other_reading	nà		to raise one's voice; to yell, to shout; to stammer	to shout, to yell (as in 呐喊)	'To stammer' is the nè reading (木讷-type sense), not nà.
呐	2	sense_of_other_reading	nà		to raise one's voice; to yell, to shout; to stammer	to shout (as in 呐喊)	'To stammer' is the archaic nè reading.
呖	2	wrong_sense	lì		the sound of something cracking or splitting	crisp sound of a bird's call (as in 呖呖)	It is the sound of bird calls, not cracking or splitting.
呶	2	misleading_first_sense	náo		talkative; clamour, hubbub	clamour, hubbub; (dialect) to pout	'talkative' is a weak first sense.
呸	2	misleading_first_sense	pēi		to spit at	pah! pooh! (interjection of contempt)	This is an interjection, not a verb.
咑	2	wrong_sense	dā		trumpet	interjection to urge on a horse (giddy-up)	'trumpet' is not the modern meaning.
咥	2	sense_of_other_reading	xì		the sound of a cat; to laugh; to bite	to laugh	'to bite' belongs to reading dié; 'sound of a cat' is spurious.
咪	2	grading_loophole	mī		a cat's meow; a meter	meow; (used in 咪咪, kitty)	'a meter' is regional, not standard Mandarin.
咭	2	main_sense_missing	jī		(Cant.) to guard (from Engl. 'guard'); a card (from Engl. 'card'); young and pretty (from Engl. 'kid')	(sound of laughter or chirping)	All senses listed are Cantonese slang; Mandarin jī is onomatopoeia.
咻	2	misleading_first_sense	xiū		to shout; to jeer at	(onomatopoeia) whoosh; panting sound	The modern use is onomatopoeia, as in 咻咻. The 'shout/jeer' sense is literary.
咼	2	wrong_sense	guō		to chat, to gossip, to jaw, to talk; mouth	crooked mouth; askew	'Chat/gossip/talk' are not meanings of 咼, which is a component meaning crooked mouth.
哏	2	misleading_first_sense	gén		the clamor of an argument; funny; odd	funny, comical; a comic gag	The first sense listed is not a modern one. The main meaning is 'funny' or 'a gag' (逗哏).
哟	2	sense_of_other_reading	yō		ah, final particle	oh! (interjection of surprise)	'Final particle' is the neutral-tone yo reading.
哮	2	wrong_sense	xiāo		to cough; to pant; to roar	to wheeze, to pant; to roar	'To cough' is not a real meaning and would accept a wrong answer.
啐	2	misleading_first_sense	cuì		to taste, to sip; to spit; the sound of sipping	to spit; (interjection) pah!	The main modern meaning is 'to spit'; 'to taste, to sip' is literary.
啴	2	sense_of_other_reading	chǎn		many; to pant	many	'To pant' belongs to the reading tān.
啾	2	misleading_first_sense	jiū		the wailing of a child	chirp, twitter (of birds); wail (of a child)	The main meaning is the chirping of birds.
喙	2	wrong_sense	huì		beak, bill, snout; to pant	beak, bill, snout	'to pant' is archaic and would accept a wrong answer.
喨	2	wrong_sense	liàng		to yell; to wail, to cry; to neigh	loud and clear (of sound), as in 嘹喨	The yell/wail/neigh senses are doubtful; the character means a resonant sound, a variant of 亮 in 嘹亮.
喽	2	wrong_sense	lóu		used in onomatopoetic expressions	used in 喽啰 (minions, followers)	lóu is used in 喽啰; the onomatopoeia gloss doesn't fit this reading.
嗆	2	sense_of_other_reading	qiāng		choking, as by smoke; something that irritates the nose or throat	to choke (on food, water, smoke)	The irritating-smell sense belongs to qiàng; qiāng = to choke.
嗍	2	wrong_sense	suō		to drink, to imbibe	to suck	The meaning is to suck (e.g. at a finger or bottle), not to drink or imbibe.
嗬	2	wrong_sense	hē		hey, hello; interrogative particle	oh!, wow! (surprise)	interjection of surprise; not 'hello' or interrogative particle
嗯	2	reading_wrong	en	ǹg	interjection indicating agreement or appreciation	interjection indicating agreement	standard readings are ńg/ňg/ǹg; 'en' is not standard
嗲	2	wrong_sense	diǎ		childish, coquettish, coy; inviting; "daddy"	coquettish, coy, affectedly sweet	'daddy' is not a meaning
嗳	2	sense_of_other_reading	āi		interjection indicating regret	interjection of surprise or disapproval	Regret is the ài reading. āi is the same as 哎.
嗽	2	misleading_first_sense	sòu		to gargle; to cough; to clear the throat	to cough; to clear the throat	'To gargle' is archaic and is listed first; the modern meaning is 'to cough'.
嘌	2	main_sense_missing	piào		fast, speedy	used in 嘌呤 (purine)	'fast' is an archaic sense; the modern use is purine.
嘍	2	misleading_first_sense	lóu		used in onomatopoetic expressions	(in 嘍囉) lackey, underling; (lou) sentence-final particle	Main use: particle/喽啰, not onomatopoeia.
嘎	2	sense_of_other_reading	gā		a cackling sound; bad, malevolent	quack, cackle (onomatopoeia)	'Bad, naughty' is the dialect reading gǎ, not gā.
嘔	2	sense_of_other_reading	ǒu		to vomit; to annoy, to enrage	to vomit	'to annoy, to enrage' belongs to the òu reading (now usually written 怄), not ǒu.
嘰	2	main_sense_missing	jī		to grumble; to sigh	(sound) chirp, twitter; to mutter (叽咕)	The main sense, the chirping sound, is missing. 'To sigh' is doubtful.
噙	2	misleading_first_sense	qín		to bite; to hold in the mouth	to hold in the mouth; to hold (tears) in the eyes	噙 means to hold in the mouth, not to bite.
噯	2	misleading_first_sense	āi		interjection indicating regret	hey (interjection to get attention or show disapproval)	'Regret' belongs to the ài reading; the main āi meaning is 'hey'.
嚄	2	wrong_sense	huō		to roar	(interjection of surprise) oh!, wow!	Modern huō is an interjection expressing surprise; 'to roar' is not a modern meaning.
嚯	2	main_sense_missing	huò		a cracking or snapping sound	(interjection of surprise/admiration) wow!, whoa!; (嚯嚯) sound of laughter	XHDC gives 嚯 huò as an interjection of surprise; 'cracking sound' is not standard.
囌	2	wrong_sense	sū		loquacious; to nag	(used in 噜囌) wordy, verbose	This character only appears in 噜囌 ('wordy'). 'To nag' is shaky as a standalone meaning.
固	2	misleading_first_sense	gù		to solidify; strength	firm, solid, sturdy; to solidify	Main sense is firm/solid. 'Strength' is loose and accepts vague answers.
圾	2	grading_loophole	jī		garbage, rubbish; shaking; danger	garbage, rubbish	'Shaking' and 'danger' are obscure senses that would accept wrong answers.
均	2	wrong_sense	jūn		equal, even, fair; level, uniform; also, too	equal, even, uniform; all, both	adverb means 'all', not 'also, too'
坊	2	sense_of_other_reading	fāng		neighborhood, district, community; street, lane; mill	neighborhood, community; street, lane	'mill' (磨坊) belongs to the fáng reading.
坌	2	grading_loophole	bèn		dust; earth; river bank; to dig; to unite	dust; to dig	'River bank' and 'to unite' are dubious and would accept wrong answers.
坎	2	main_sense_missing	kǎn		pit, hole; to trap, to snare; crisis	bank, ridge; pit, hole; threshold	The main modern meaning, a ridge or bank (as in 门坎/坎儿), is missing. 'Crisis' is loose.
坑	2	grading_loophole	kēng		pit, hole; to trap, to bury; to harry	pit, hole; to cheat, to swindle; to bury alive	'To harry' is wrong. The key modern sense, to cheat, is missing.
坞	2	misleading_first_sense	wù		bank, entrenchment, low wall; dock	dock; low-lying area among hills	main modern sense dock not first; archaic senses lead
坟	2	grading_loophole	fén		grave, mound, bulge; bulging	grave, tomb, burial mound	'bulge; bulging' is archaic.
坶	2	wrong_sense	mǔ		mud, mire; to paste, to plaster		Translation duplicated from 坭 (mud, to plaster); not the meaning of 坶. Correct meaning needs checking against a dictionary.
垅	2	misleading_first_sense	lǒng		grave, mound; furrow, ridge	ridge (in a field); furrow	The main modern sense is a field ridge. 'Grave, mound' is archaic and shouldn't come first.
垛	2	sense_of_other_reading	duǒ	duò	heap, pile; to heap, to pile	heap, pile; to pile up	Heap/pile is duò (麦垛); duǒ means battlement/buttress.
城	2	misleading_first_sense	chéng		castle, city, town; municipality	city, town; city wall; municipality	Main modern meanings are city and city wall; 'castle' shouldn't come first.
埏	2	sense_of_other_reading	shān	yán	boundary, limit	boundary, limit	Boundary is the yán reading; shān means to mould clay.
埔	2	wrong_sense	bù		arena; market; plain; port	used in place names (e.g. 大埔)	'arena; market; plain; port' is not a real meaning; it's a place-name character (pǔ in 黄埔, bù in 大埔).
埡	2	main_sense_missing	yā		used in place names	mountain pass; used in place names	垭口 = mountain pass.
埽	2	wrong_sense	sào		broom; to sweep, to clear away	bundle of stalks and earth used for river dikes	Broom/sweep is the obsolete use as 扫.
堇	2	wrong_sense	jǐn		yellow loam; clay; season; few	violet; yellow clay, loam	'Season' is wrong; the main sense 'violet' (堇菜) is missing.
堍	2	wrong_sense	tù		embankment	end of a bridge (where it meets the bank)	桥堍; not embankment generally.
堡	2	sense_of_other_reading	bǎo		fort, fortress; town, village	fort, fortress	'Town, village' belongs to the bǔ/pù readings.
塗	2	grading_loophole	tú		to smear, to scribble, to daub; surname	to smear, to daub, to apply (paint); to scribble	Stray 'surname' alternative.
塵	2	misleading_first_sense	chén		cinders, ashes, dust, dirt	dust, dirt; the mortal world	'Cinders, ashes' are not standard modern meanings and are listed first.
墒	2	wrong_sense	shāng		silt; moist soil	soil moisture (for crops)	'Silt' is incorrect.
墟	2	main_sense_missing	xū		high mound; hilly countryside; wasteland	ruins; wasteland; village market (dialect)	Main modern sense 'ruins' (废墟) is missing.
墳	2	grading_loophole	fén		grave, mound, bulge; bulging	grave, tomb, burial mound	'bulge; bulging' is an archaic sense and would accept wrong answers.
壶	2	grading_loophole	hú		jar, pot, jug, vase; surname	pot, kettle, jug	stray 'surname'
壺	2	grading_loophole	hú		jar, pot, jug, vase; surname	pot, kettle, jug	Remove 'surname'.
夔	2	grading_loophole	kuí		one-legged monster; walrus	Kui (one-legged mythical creature)	'walrus' isn't a modern sense of 夔 and would accept a wrong answer.
夫	2	sense_of_other_reading	fū		man, husband; worker; those	husband; man; worker	'those' is the classical fú reading (demonstrative/particle).
夯	2	misleading_first_sense	hāng		burden, load; to lift up; to tamp down	to tamp, to pound earth; rammer	The main modern sense is tamping. 'Burden, load' isn't a standard sense and shouldn't come first.
夲	2	sense_of_other_reading	tāo		to advance quickly; to go back and forth; origin, source	to advance quickly	'origin, source' comes from 夲 used as a variant of 本 (běn), so it doesn't fit tāo.
夹	2	misleading_first_sense	jiā		to support; to be wedged between	to clip, to pinch, to squeeze between; to be wedged between; clip, folder	Main sense is to clip/squeeze; 'to support' is not the core modern meaning.
夾	2	misleading_first_sense	jiā		to support; to be wedged between	to press from both sides, to clip; to be wedged between; folder	'to support' isn't the main meaning and shouldn't come first.
奄	2	wrong_sense	yǎn		to remain, to tarry; feeble	suddenly; feeble, dying (as in 奄奄一息)	'To remain, to tarry' is not a modern sense of 奄.
奉	2	wrong_sense	fèng		to offer, to respect, to server; to receive	to offer (respectfully); to receive (orders); to revere; to serve	Typo: 'to server' should be 'to serve'.
套	2	main_sense_missing	tào		case, cover, envelope, wrapper	set, suit (measure word); case, cover, sheath; to slip over	Missing the very common measure-word sense 'set' (一套).
妃	2	misleading_first_sense	fēi		wife, spouse; imperial concubine	imperial concubine; princess, consort	'wife, spouse' is archaic and shouldn't come first.
妪	2	sense_of_other_reading	yù		old woman, hag; to protect; to brood over	old woman	'to protect/brood over' is archaic sense (read yǔ).
妮	2	misleading_first_sense	nī		maid, servant girl; cute girl	girl, lass; (old) maidservant	Modern main sense is 'girl' (妮子); 'maid' is dated.
姑	2	main_sense_missing	gū		father's sister; husband's mother	father's sister, aunt; young woman, girl	'Husband's mother' is archaic; the common sense 'aunt' is missing.
姗	2	misleading_first_sense	shān		to slander, to ridicule; to go slowly; graceful	(in 姗姗) moving slowly and gracefully	The 'slander/ridicule' sense is archaic, so it shouldn't come first.
姚	2	misleading_first_sense	yáo		handsome, elegant, attractive; surname	surname Yao; (literary) handsome, elegant	Main modern use is the surname; the 'handsome' sense is archaic.
姹	2	grading_loophole	chà		beautiful, colorful; girl	beautiful, colorful	'girl' archaic
娄	2	grading_loophole	lóu		a constellation; to wear; surname	Lou (a lunar mansion/constellation); trouble (in 娄子)	'To wear' is archaic, and 'surname' would accept a wrong answer.
娓	2	misleading_first_sense	wěi		agreeable, compliant; to comply, to go along with	(in 娓娓) speaking tirelessly and pleasingly	Modern use is in 娓娓(动听); 'compliant/comply' is archaic.
娥	2	grading_loophole	é		beautiful, pretty; good; surname	beautiful woman; (as in 嫦娥 Chang'e)	Stray 'surname' alternative; the main sense should be 'beautiful woman'.
婁	2	wrong_sense	lóu		a constellation; to wear; surname	Lou (a lunar mansion/constellation); (dialect) weak, feeble	'to wear' is not a modern sense; 'surname' as an alternative accepts overly vague answers.
婴	2	wrong_sense	yīng		baby, infant; to bother	baby, infant	'to bother' is an archaic sense (to be entangled), not modern.
媲	2	misleading_first_sense	pì		to marry off; to compare, to match, to pair up	to match, to compare, to rival	'to marry off' archaic; modern use only 媲美.
嫔	2	wrong_sense	pín		courtesan; palace maid	imperial concubine; palace lady	The character means an imperial concubine or court lady, not a courtesan.
嬗	2	main_sense_missing	shàn		succession to the throne	to change, to evolve (as in 嬗变)	Modern use is 嬗变 'evolve'; throne succession is classical.
嬰	2	wrong_sense	yīng		baby, infant; to bother	baby, infant	'to bother' is an archaic sense (to be entangled), not modern.
孔	2	grading_loophole	kǒng		opening, hole, orifice; great	hole, opening, aperture; surname Kong (Confucius)	'great' is archaic, accepts wrong answers
孙	2	grading_loophole	sūn		grandchild, descendent; surname	grandchild; descendant	Stray alternative 'surname' would accept a wrong answer; also 'descendent' misspelled.
孚	2	misleading_first_sense	fú		to brood over eggs; to have confidence	to inspire confidence, trust; to brood over eggs	The archaic 'brood' sense comes first; the modern sense is trust (深孚众望).
孛	2	reading_wrong	bèi	bó	comet	comet	Comet sense is read bó in modern dictionaries.
季	2	grading_loophole	jì		a quarter-year, a season; surname	season; quarter of a year; youngest (brother)	Remove 'surname'.
孤	2	wrong_sense	gū	gū	orphaned; alone, lonely, solidary	orphaned; alone, lonely, solitary	'solidary' (united) is a typo for 'solitary' and is nearly the opposite meaning.
孫	2	grading_loophole	sūn		grandchild, descendent; surname	grandchild; descendant	The 'surname' alternative accepts a non-answer.
孺	2	wrong_sense	rú		child; blood relation; affection	child	'blood relation' and 'affection' are not standard meanings (affection only in 孺慕); they would accept wrong answers.
孽	2	misleading_first_sense	niè		bastard child; the consequence of a sin; evil	evil, sin; retribution for sin	'bastard child' is archaic and shouldn't be first.
宁	2	sense_of_other_reading	níng		calm, peaceful; healthy; rather; to prefer	peaceful, tranquil, calm	'Rather; to prefer' is the nìng reading.
它	2	grading_loophole	tā		it; other	it	'other' is an archaic/literary sense; modern 它 is only 'it'.
宅	2	wrong_sense	zhái		residence, dwelling, home; grave	residence, dwelling, home	'grave' is archaic and would accept a wrong answer.
宙	2	grading_loophole	zhòu		space, time, space-time	time (infinite); universe (宇宙)	宙 means time; 'space' is 宇.
宫	2	grading_loophole	gōng		palace; surname	palace; temple	The 'surname' alternative would accept a wrong answer.
宮	2	grading_loophole	gōng		palace; surname	palace	Stray 'surname' alternative. Also, this is the traditional/variant form of 宫.
宾	2	grading_loophole	bīn		guest, visitor; surname; submit	guest, visitor	'submit' archaic; 'surname' stray
寅	2	misleading_first_sense	yín		to respect, to revere; respectfully; 3rd terrestrial branch	3rd earthly branch; 3-5 a.m.	'respect' is a literary sense; the branch is the main use.
寨	2	wrong_sense	zhài		stockade, stronghold, outpost; brothel	stockade, stronghold; fortified village	'Brothel' is not a standard modern sense.
寺	2	misleading_first_sense	sì		court, office; temple, monastery	temple, monastery; mosque	'court, office' is archaic (ancient government office); main modern sense is temple.
寽	2	reading_wrong	lǜ	lüè	a handful; a pinch		The standard reading is lüè.
尋	2	grading_loophole	xún		to seek; to search for, to look for; ancient	to seek, to search for, to look for	'Ancient' is a stray fragment (from an ancient unit of length) and would accept a wrong answer.
尘	2	misleading_first_sense	chén		cinders, ashes, dust, dirt	dust, dirt; this world	The main meaning is dust, not cinders or ashes.
尬	2	grading_loophole	gà		awkward, embarrassed; to limp, to stagger	awkward, embarrassed (as in 尴尬)	'to limp, to stagger' is an archaic sense and would accept a wrong answer.
就	2	main_sense_missing	jiù		just, simply; to go to; to approach, near	then; at once, right away; just, only; to approach	Core senses 'then' / 'at once' missing.
屄	2	wrong_sense	bī	bī	vagina; to press up to; to force	vagina (vulgar)	'to press up to; to force' is the meaning of 逼, not 屄.
届	2	wrong_sense	jiè		deadline; period; measure word for elections, meetings, and other events	session, term; measure word for graduating classes, meetings, etc.; to fall due	'Deadline' isn't a correct meaning.
岙	2	wrong_sense	ào		island	flat area in a mountain hollow (used in place names)	It does not mean island.
岳	2	grading_loophole	yuè		mountain peak; surname	high mountain, mountain peak; wife's parents	'surname' lets an empty answer pass.
峙	2	misleading_first_sense	zhì		to pile, to stack; to stand tall	to stand tall; to tower	'to pile, to stack' is an old sense. The main modern meaning is to stand erect (对峙, 耸峙).
崑	2	wrong_sense	kūn		the Kunlun mountains in Jiang Su province	used in 崑崙 Kunlun Mountains; 崑山 Kunshan (Jiangsu)	The Kunlun mountains are not in Jiangsu. The gloss mixes up Kunlun and Kunshan.
崽	2	main_sense_missing	zǎi		child, servant; a diminutive	child, son (dialect); young animal, cub, whelp	Missing 'young animal'; 'servant' dubious.
嵛	2	wrong_sense	yú		a county in the Shandong province	used in 昆嵛山, a mountain in Shandong	Refers to Kunyu Mountain, not a county.
巯	2	main_sense_missing	qiú		an atom group	sulfhydryl, mercapto (-SH)	too vague
帜	2	wrong_sense	zhì		flag, pennant, sign; to fasten	flag, banner, pennant	'to fasten' is not a modern sense.
帼	2	wrong_sense	guó		women's headgear; mourning cap	women's headdress	'mourning cap' is incorrect.
幂	2	misleading_first_sense	mì		cover-cloth; exponent, power	power, exponent (math); cover-cloth	Modern main sense is mathematical power; cover-cloth is archaic.
幗	2	wrong_sense	guó		women's headgear; mourning cap	women's headgear	'mourning cap' is doubtful; the standard meaning is the headdress in 巾帼.
幬	2	sense_of_other_reading	chóu		to cover up; curtain	curtain; canopy (over a bed or carriage)	'to cover' belongs to the dào reading.
幸	2	main_sense_missing	xìng	xìng	favor, fortune, luck; surname	fortunate, lucky; fortune, luck; to rejoice	Adds the main adjective sense 'lucky, fortunate' and removes 'surname', which would accept a wrong answer.
庞	2	misleading_first_sense	páng		disorderly, messy; huge, big	huge, enormous; disorderly	The main sense is huge (庞大); 'disorderly' should not come first.
废	2	main_sense_missing	fèi		to terminate; to discard; to abgrogate	to abolish, to discard; useless, waste; disabled	The common modern meaning 'waste/useless' (as in 废物, 废话) is missing, and 'abgrogate' is a typo.
度	2	sense_of_other_reading	dù	dù	degree, system; manner; to consider	degree; extent; time, occurrence; to spend (time)	'to consider' belongs to duó (揣度); 'system' is a weak/misleading alternative.
廉	2	main_sense_missing	lián		upright, honorable, honest	honest, incorruptible; cheap, inexpensive	Missing the common 'cheap' sense (廉价).
廑	2	main_sense_missing	jǐn	jǐn	hut; careful	only, barely, merely; small hut	Read jǐn, it is a variant of 仅 ('only'). 'Careful' is not a real sense.
廢	2	main_sense_missing	fèi		to terminate; to discard; to abgrogate	to abolish, to abandon; useless, waste	Typo 'abgrogate'. The main meaning 'waste/useless/abandon' is missing.
廬	2	grading_loophole	lú	lú	hut, cottage; the name of a mountain	hut, cottage; Mount Lu (廬山)	'The name of a mountain' is too vague as an answer key.
延	2	misleading_first_sense	yán		to defer, to delay, to postpone; to extend, to prolong; surname	to extend, to prolong; to postpone, to delay	The main sense is extend/prolong. 'Surname' is a stray alternative.
弃	2	grading_loophole	qì		to abandon, to discard, to reject; to desert; to forget	to abandon, to discard, to give up	'To forget' is not a real modern meaning of 弃, so it would accept a wrong answer.
弈	2	wrong_sense	yì		Chinese chess	the game of go; to play chess	弈 is traditionally go or board games in general, not specifically Chinese chess (象棋).
弒	2	misleading_first_sense	shì		patricide, matricide	to murder (a ruler or parent); to assassinate a superior	The meaning is killing a superior or ruler, not just patricide.
张	2	main_sense_missing	zhāng		to display; to expand, to open; to stretch; a sheet of paper	to open, to spread; to stretch; measure word for flat objects (sheets, tables, etc.); surname Zhang	The main use of 张 is as a measure word for flat things, and the current wording 'a sheet of paper' gets that wrong. The surname is also very common, so it could be added.
彊	2	reading_wrong	jiàng	qiáng	stubborn, uncompromising	strong, powerful; to force	Variant of 强; main reading qiáng 'strong'; jiàng 'stubborn' is secondary.
彖	2	wrong_sense	tuàn		hog, hedgehog, porcupine	commentary on the hexagrams (Yijing)	'hog, hedgehog, porcupine' isn't how the character is actually used; its known use is the Tuan commentary in the Yijing.
彦	2	wrong_sense	yàn		elegant	talented man, learned person	彦 means a talented/learned man, not 'elegant'.
忘	2	grading_loophole	wàng		to forget, to miss, to neglect, to overlook	to forget, to neglect, to overlook	'To miss' is ambiguous and would accept 'miss someone' (想念).
忮	2	main_sense_missing	zhì		stubborn; perverse; aggressive	jealous, envious	Main meaning is jealousy (忮求).
念	2	main_sense_missing	niàn		to think of, to recall; to study	to read aloud; to study; to miss, to think of	Core modern sense 'to read aloud' (念书, 念课文) is missing.
怀	2	main_sense_missing	huái		bosom, breast; to carry in one's bosom	bosom; to keep in mind; to miss; to be pregnant	The common modern meanings (to cherish or keep in mind, to miss, to be pregnant) are missing.
怒	2	wrong_sense	nù		anger, passion, rage	anger, rage, fury; angry	'Passion' isn't a correct meaning and would accept a wrong answer.
思	2	wrong_sense	sī		to think, to ponder, to consider; final particle	to think, to ponder, to consider; to miss, to long for	'Final particle' is a Classical Chinese use, not modern.
性	2	misleading_first_sense	xìng		sex, nature, character; suffix converting a verb to an adjective	nature, character, property; sex, gender; suffix -ness/-ity	Main sense is nature/property; the suffix makes nouns (-ness, -ity), not adjectives from verbs.
恿	2	wrong_sense	yǒng		to instigate, to incite, to alarm	to egg on, to incite, to instigate (as in 怂恿)	'to alarm' is not a modern meaning of 恿.
悄	2	wrong_sense	qiāo		quiet, silent, still; anxious	quiet, silent, still	'anxious' is a classical sense, so a wrong answer would be accepted.
悝	2	sense_of_other_reading	kuī		to laugh at; to pity; sad; afflicted	to mock, to ridicule (literary)	'sad; afflicted' belongs to the lǐ reading (悝 = 忧), not kuī.
惝	2	wrong_sense	chǎng		alarmed, agitated	disappointed, dejected; vague, indistinct	惝 (惝恍) means disappointed/indistinct, not alarmed/agitated.
愿	2	grading_loophole	yuàn	yuàn	desire, wish; honest, virtuous; ready, willing	wish, desire; to be willing, ready	'honest, virtuous' is an archaic classical sense, not a modern one.
慼	2	wrong_sense	qī		grief, mourning; relative; related to	grief, sorrow	'Relative; related to' belongs to 戚, not to 慼 (grief only).
憂	2	main_sense_missing	yōu		sad, grieving; melancholy, grief	to worry, anxious; sorrow, grief	The main modern sense, 'worry', is missing.
憧	2	misleading_first_sense	chōng		indecisive, irresolute; to yearn for	to yearn for, to long for	Main modern use is 憧憬 (to long for); 'indecisive' is a minor sense from 憧憧 and should not be first.
憨	2	wrong_sense	hān		silly, foolish; coquettish	silly, foolish; naive; honest, simple	'coquettish' is misleading.
懣	2	main_sense_missing	mèn		sad, sorrowful, sick at heart	indignant, resentful; depressed	The core sense, 'indignant/resentful' (as in 愤懑), is missing.
懨	2	grading_loophole	yān		feeble, sickly, weak; tranquil	feeble, sickly, weak	'tranquil' is an archaic sense from the variant 懕.
戚	2	misleading_first_sense	qī		ashamed, grieving; related to; relative	relative; sorrow, grief	Main sense is relative (亲戚); ashamed is not a modern sense.
扇	2	sense_of_other_reading	shàn		fan; panel; to flap	fan; (measure word for doors, windows)	to flap/fan is shān
扑	2	misleading_first_sense	pū		to attack, to beat, to hit, to strike	to pounce on, to throw oneself at; to flap; to pat	The main meaning 'to pounce' is missing.
扒	2	sense_of_other_reading	bā		to scratch, to dig up; to crouch, to crawl	to cling to, to hold on to; to dig up; to strip off, to take off	Crawl belongs to pá; crouch is wrong.
扪	2	wrong_sense	mén		to stoke, to pat; to grope, to feel	to touch, to feel; to stroke	'stoke' is a typo for 'stroke'.
扳	2	misleading_first_sense	bān		to drag, to pull; to twist	to pull, to turn (a lever); to pull back (a score)	Main sense is pulling or turning something toward yourself (扳道岔, 扳回). 'Drag' is misleading.
折	2	wrong_sense	zhé		to break, to snap; to fold, to bend; to bow; humble	to break, to snap; to fold, to bend; discount; to convert	'to bow; humble' are archaic; the common sense 'discount' is missing.
抨	2	misleading_first_sense	pēng		to impeach; to criticize	to attack (in speech or writing), to criticize	'to impeach' is an older sense; modern use is 抨击 (to attack or criticize).
拒	2	misleading_first_sense	jù		to defend, to ward off; to refuse	to refuse, to reject; to resist, to ward off	Main modern meaning 'to refuse' should come first; 'to defend' is archaic-leaning.
拚	2	sense_of_other_reading	pàn		to reject, to disregard, to go all out	to abandon, to disregard	'To go all out' belongs to the pīn reading (a variant of 拼), not pàn.
拧	2	sense_of_other_reading	níng		screw, wrench; to pinch, to twist, to wring	to wring; to pinch	screw/twist is nǐng
挚	2	grading_loophole	zhì		sincere, warm, cordial; surname	sincere, earnest	Remove 'surname'.
挛	2	wrong_sense	luán		tangled, entwined; crooked	cramp, spasm; contracted (of muscles)	Modern sense is cramp/contraction (痉挛).
挠	2	misleading_first_sense	náo		to yield; to scratch, to disturb	to scratch; to hinder, to disturb; to yield	'Scratch' is the main modern sense; 'yield' is literary (不屈不挠).
挥	2	misleading_first_sense	huī		to direct; to squander; to wave; to wipe away	to wave, to wield; to wipe away; to scatter, to squander; to direct	main sense 'to wave' should come first
挨	2	sense_of_other_reading	āi		close by, near, next to, towards, against; to lean on; to wait	to be next to, to be close to; to lean against; one by one, in turn	'To wait' (stall, drag out time) is the ái reading.
挫	2	main_sense_missing	cuò		to check, to obstruct, to push down	setback, defeat; to frustrate, to subdue	Modern main sense 'setback/frustrate' (挫折) missing.
挲	2	reading_wrong	sā	suō	to feel or fondle with the fingers		Main reading is suō (摩挲 mósuō); sā is mostly dialectal.
捋	2	main_sense_missing	lǚ		to gather, to pluck; to rub off, to scrape	to smooth out with the fingers, to stroke (e.g. a beard)	lǚ = smooth out/stroke (捋胡子); 'rub off/strip' is the luō reading (捋袖子).
捌	2	misleading_first_sense	bā		to split, to break open; eight (bankers' anti-fraud numeral)	eight (banker's anti-fraud numeral)	'Split/break open' is a rare sense; the numeral is the known meaning.
捎	2	wrong_sense	shāo		to carry, to take; to select	to bring along, to take (sth) to someone	'to select' is not a modern sense of 捎 shāo; accepts wrong answer.
捫	2	wrong_sense	mén		to stoke, to pat; to grope, to feel	to stroke, to pat; to grope, to feel	Typo 'stoke' for 'stroke'; it would accept a wrong answer.
捱	2	misleading_first_sense	ái		to put off, to procrastinate; to endure	to endure, to suffer through; to drag out (time)	Main sense is to endure (variant of 挨 ái); procrastinate is secondary.
掊	2	sense_of_other_reading	póu		to extract; to injure	to dig up, to scoop up	póu = to dig/scoop; 'to injure'/strike fits pǒu better.
掎	2	wrong_sense	jǐ		to pull, to drag; to drag one's feet	to pull, to drag; to hold back	'drag one's feet' is wrong.
掖	2	sense_of_other_reading	yē		to tuck, to fold; to support	to tuck, to tuck in, to stuff (into)	'to support' is the yè reading (扶掖); yē = to tuck.
掛	2	wrong_sense	guà		to suspend, to put up, to hang; suspense	to hang, to suspend, to put up	'suspense' is misleading; 掛 is a verb meaning to hang.
掰	2	main_sense_missing	bāi		to rip, to tear	to break off with the hands, to pull apart	The core sense is breaking something apart with the hands, not tearing.
掼	2	wrong_sense	guàn		to fling, to smash; to know, to be familiar	to fling, to throw, to smash	'to know, to be familiar' belongs to 惯.
揠	2	wrong_sense	yà		to weed out, to pull up, to eradicate	to pull up (e.g. 揠苗助长)	'weed out/eradicate' are wrong.
揭	2	grading_loophole	jiē		to lift off a cover; to reveal, to divulge; surname	to lift off a cover; to reveal, to divulge	Remove 'surname'.
揮	2	misleading_first_sense	huī		to direct; to squander; to wave; to wipe away	to wave, to wield; to wipe away; to command, to direct; to squander	The main sense 'to wave' should come first.
援	2	wrong_sense	yuán		to assist; to lead; to quote, to cite	to aid, to assist, to rescue; to cite, to quote	'to lead' is not a modern meaning.
搋	2	main_sense_missing	chuāi		to thump	to knead (dough); to plunge (a drain)	Modern sense is kneading / plunging (搋子); 'to thump' is inaccurate.
搒	2	sense_of_other_reading	bàng		pole; beat	to row (a boat)	'beat' belongs to the péng reading; bàng means to row.
搠	2	wrong_sense	shuò		to daub; to thrust	to thrust, to stab	'to daub' is not a modern sense.
摈	2	wrong_sense	bìn		to exclude, to expel, to reject; to usher	to discard, to reject, to exclude	'to usher' belongs to 傧, not 摈.
摟	2	sense_of_other_reading	lǒu	lǒu	to embrace, to hug; to drag, to pull	to embrace, to hug	'To drag, to pull' is the lōu reading.
摯	2	grading_loophole	zhì		sincere, warm, cordial; surname	sincere, earnest, cordial	Stray 'surname' alternative should be removed.
撬	2	misleading_first_sense	qiào		to lift, to raise, to pry off a lid	to pry, to prise open, to lever	Main sense is 'pry'; 'to lift, to raise' would accept 抬/举 answers.
撲	2	main_sense_missing	pū		to attack, to beat, to hit, to strike	to pounce on, to throw oneself at; to rush at; to pat, to flap	Main sense 'pounce/throw oneself at' is missing.
撸	2	main_sense_missing	lū		to reprimand; to fire an employee	to rub; to strip off (by sliding the hand); to reprimand; to fire (dialect)	The main sense, sliding a hand along something to rub or strip it off (撸袖子), is missing.
撼	2	misleading_first_sense	hàn		to incite, to move, to shake	to shake, to move	'to incite' is not a standard meaning and it's listed first.
擂	2	main_sense_missing	léi		to rub, to grind; to use a mortar and pestle	to beat (a drum), to pound; to grind	Main léi sense 擂鼓 'beat a drum' is missing.
操	2	main_sense_missing	cāo		to conduct, to manage, to run	to hold, to grasp; to operate; to manage; exercise, drill	Core senses grasp/operate/exercise (体操) missing.
擯	2	grading_loophole	bìn		to exclude, to expel, to reject; to usher	to exclude, to expel, to reject	'to usher' is an archaic sense (now written 傧).
擰	2	sense_of_other_reading	níng		screw, wrench; to pinch, to twist, to wring	to wring, to twist, to pinch	'screw' sense belongs to nǐng; níng = wring/pinch.
攘	2	misleading_first_sense	rǎng		to usurp, to seize; to repel	to repel, to resist; to push up (sleeves); to seize	Modern main sense is 'to repel' (攘外); 'usurp' is archaic.
攸	2	wrong_sense	yōu		distant, far; adverbial prefix	that which, what concerns (as in 生死攸关)	'distant' is 悠; 'adverbial prefix' is not an answerable meaning.
敝	2	misleading_first_sense	bì		to break, to destroy; ruined, tattered	worn out, shabby; my, our (humble)	Main modern sense is shabby/humble 'my'.
斟	2	misleading_first_sense	zhēn		to deliberate, to gauge; to pour wine or tea	to pour (tea, wine); to consider (in 斟酌)	Main meaning is 'to pour'.
於	2	sense_of_other_reading	yú		at, in, on; to, from; alas!	at, in, on; to, from; than	'Alas' is the wū reading.
斿	2	wrong_sense	yóu		to swim; to move freely	streamers on a flag	The basic meaning of 斿 is the streamers on a banner. 'To swim' belongs to 游/游 and would accept a wrong answer.
旄	2	sense_of_other_reading	máo		old; an ancient pelt flag	ancient flag decorated with yak tail	'old' belongs to the mào reading (耄).
昀	2	grading_loophole	yún		sunlight; surname	sunlight	The 'surname' alternative would accept a wrong answer.
昆	2	misleading_first_sense	kūn		elder brother; descendants	multitude, numerous (as in 昆虫 insect); elder brother (literary)	Modern use is mainly 昆虫/昆仑; 'elder brother' and 'descendants' are archaic senses listed first.
昊	2	misleading_first_sense	hào		summertime; sky, heaven	vast sky, heaven	'Summertime' is archaic and listed first.
易	2	misleading_first_sense	yì		to change; to exchange, to trade; simple, easy	easy, simple; to change; to exchange, to trade	Main modern sense 'easy' should be first.
昙	2	main_sense_missing	tán		cloudy, overcast	clouds; (used in 昙花) broad-leaved epiphyllum	This character is mainly known from 昙花, which the translation doesn't cover.
春	2	grading_loophole	chūn		springtime; joyful, lustful, wanton	spring, springtime; love, lust	'joyful' is not a standard sense and lets wrong answers pass.
晋	2	main_sense_missing	jìn		to advance; to increase; to promote	to advance, to promote; Jin (dynasty/state); Shanxi (abbr.)	Add 'Jin dynasty' and 'Shanxi'. 'to increase' is doubtful.
暹	2	main_sense_missing	xiān		sunrise; to advance, to rise, to go forward	Siam (as in 暹罗); sunrise	Modern use is almost solely 暹罗 Siam.
曜	2	wrong_sense	yào		bright, glorious; Venus	bright, glorious; the sun, moon and planets (luminaries)	The character doesn't specifically mean Venus.
曝	2	sense_of_other_reading	pù		to air out, to expose to sunlight; to reveal	to air out, to expose to sunlight	'To reveal' comes from 曝光, read bào, not pù.
曾	2	wrong_sense	céng		already, formerly, once; the past	once, formerly, ever (in the past)	'already' is the meaning of 已经, not 曾; it would accept a wrong answer.
朐	2	wrong_sense	qú		warm	used in place names (临朐); curved dried meat	'warm' is not a standard modern meaning of qú.
朱	2	grading_loophole	zhū		cinnabar, vermilion; surname	vermilion, bright red; cinnabar	'surname' as an alternative lets a vague answer pass.
朴	2	sense_of_other_reading	pǔ		plain, simple; sincere; surname	plain, simple; sincere	The surname is read Piáo, not pǔ.
杈	2	sense_of_other_reading	chā		pitchfork; tree fork	pitchfork	'tree fork' is usually read chà (树杈).
杉	2	wrong_sense	shān		various species of pine and fir	China fir; fir	杉 is fir / Chinese fir, not pine.
杌	2	wrong_sense	wù		tree stump; square stool; sterility	square stool; tree stump	'sterility' is wrong.
李	2	wrong_sense	lǐ		plum; luggage; surname	plum; surname	'luggage' only in 行李, not the character's meaning.
束	2	main_sense_missing	shù		to bind, to control, to restrain; bale	to bind, to tie; bundle, bunch (measure word); to restrain	Common measure word 'bunch/bundle' missing.
条	2	main_sense_missing	tiáo		clause, condition; string, stripe	strip; measure word for long thin things (fish, roads, etc.); item, clause	Main sense 'strip' and classifier use missing; clause/condition is secondary.
枋	2	wrong_sense	fāng		sandalwood; lumber	square timber, beam; lumber	'sandalwood' is a dictionary artifact, not a modern meaning.
林	2	grading_loophole	lín		forest, grove; surname	forest, grove	The 'surname' alternative would accept a wrong answer.
枣	2	grading_loophole	zǎo		date tree; dates, jujubes; surname	jujube, Chinese date	Remove 'surname'.
枥	2	misleading_first_sense	lì		oak tree; a stable	manger, stable	The main sense is manger/stable. 'Oak' belongs to 栎 and shouldn't come first.
枪	2	grading_loophole	qiāng		gun, rife; lance, spear	gun, rifle; spear, lance	Typo 'rife' accepts a wrong answer.
柏	2	wrong_sense	bǎi		cypress, cedar	cypress	'cedar' is wrong; 柏 is cypress (cedar is 雪松).
柘	2	wrong_sense	zhè		cudrania, mulberry; sugarcane	Chinese mulberry (Cudrania)	'sugarcane' is an old borrowing for 蔗.
柯	2	grading_loophole	kē		axe-handle, bough, stalk; surname	axe handle; branch, stalk	'surname' alternative accepts a non-meaning answer.
柰	2	wrong_sense	nài		crab-apple tree; to endure, to bear	crab apple	'to endure, to bear' belongs to 耐/奈, not 柰.
柱	2	misleading_first_sense	zhù		to lean on; pillar, post, support	pillar, post, column	The main modern sense is pillar; 'to lean on' is minor and should not come first.
柴	2	grading_loophole	chái		firewood, faggots, fuel; surname	firewood, fuel	Remove 'surname'.
柽	2	grading_loophole	chēng		willow, tamarisk	tamarisk	柽柳 is tamarisk, not willow; 'willow' accepts a wrong answer.
栗	2	grading_loophole	lì		chestnut tree; chestnuts; surname	chestnut; chestnut tree	Remove 'surname'.
栩	2	main_sense_missing	xǔ		oak tree; pleased, glad	(in 栩栩如生) vivid, lifelike; oak (archaic)	The main modern use, 栩栩 meaning vivid or lifelike, is missing.
株	2	misleading_first_sense	zhū		root, stump; measure word for trees	measure word for trees and plants; stem, stump; (financial) share	The measure word is the main modern use; 'root, stump' is mostly literary (守株待兔).
栲	2	wrong_sense	kǎo		mangrove	chinquapin (Castanopsis tree)	栲 is the chinquapin tree, not mangrove.
核	2	wrong_sense	hé		core, kernel; nut, seed; atom	core, kernel; pit, stone (of fruit); nucleus, nuclear	'atom' is wrong. The related sense is nucleus/nuclear.
格	2	main_sense_missing	gé		form, pattern, standard	square, grid, check; standard, pattern; (grammatical) case	The main modern sense, a grid square or check (格子, 方格), is missing.
桃	2	wrong_sense	táo		peach; marriage; surname	peach	'marriage' is not a meaning of 桃; also drop 'surname'.
桄	2	sense_of_other_reading	guāng		coir-palm; ladder rung	coir palm (in 桄榔)	'ladder rung' belongs to the reading guàng.
框	2	wrong_sense	kuāng		door; frame	frame; box (drawn around text); to frame	'door' on its own is wrong; the word for a door frame is 门框.
桑	2	grading_loophole	sāng		mulberry tree; surname	mulberry tree	Remove 'surname'.
桲	2	reading_wrong	po	po (neutral tone, in 榅桲); verify	quince	quince (in 榅桲)	Uncertain: 'po' is right in 榅桲, but neutral tone may not work on a card that requires tones, and some dictionaries give bó for the character on its own. Check against the Xiandai Hanyu Cidian.
桷	2	grading_loophole	jué		rafter; Malus toringo	square rafter	'Malus toringo' is an obscure stray alternative.
梅	2	grading_loophole	méi		plum; prune; surname	plum; plum blossom	'Surname' is a stray alternative, and 'prune' is misleading.
梔	2	wrong_sense	zhī		jasmine; Gardenia	gardenia	梔子 is gardenia, not jasmine.
棂	2	wrong_sense	líng		carved or patterned window sills	window lattice, bars of a window	It's the lattice/bars of a window, not the sill.
椟	2	wrong_sense	dú		cabinet, closet, wardrobe	box, casket; case	The meaning is a small box or casket (买椟还珠), not a wardrobe or closet.
椤	2	grading_loophole	luó		tree; tree fern	tree fern (in 桫椤)	Bare 'tree' accepts too broadly.
楊	2	wrong_sense	yáng		willow, poplar, aspen; surname	poplar, aspen	'willow' is 柳, not 楊; surname is a stray alternative.
楚	2	grading_loophole	chǔ		clear, distinct; pain, suffering; surname	clear, distinct; pain, suffering; the state of Chu	'surname' lets unrelated answers pass.
楦	2	wrong_sense	xuàn		shoe last; to stretch a shoe; to turn a lathe	shoe last; hat block; to stretch (a shoe) with a last	'to turn a lathe' belongs to 旋, not 楦.
榨	2	grading_loophole	zhà		to press for juice; a juicer; a vegetable	to press, to squeeze (juice, oil); to extort	'a vegetable' comes from the word 榨菜, not the character alone.
榲	2	wrong_sense	wēn		pillar; conifer; Cryptomeria	quince (in 榲桲)	The character (simplified 榅) is known from 榅桲 quince; the pillar/Cryptomeria senses are wrong or obscure.
槍	2	wrong_sense	qiāng		gun, rife; lance, spear	gun, rifle; spear, lance	Typo: 'rife' should be 'rifle'.
槎	2	wrong_sense	chá		raft; time, occasion; to hew	raft	'time, occasion' is not a modern meaning.
横	2	sense_of_other_reading	héng		horizontal, across; unreasonable, harsh	horizontal; across; sideways	'Unreasonable, harsh' belongs to the hèng reading (as in 蛮横), not héng.
樸	2	sense_of_other_reading	pǔ		plain, simple; sincere; surname	plain, simple; sincere	Surname (Korean Park) is read piáo.
樽	2	grading_loophole	zūn		goblet, jar, jug; lush, drunk	goblet, wine vessel	'lush, drunk' is not a modern meaning.
橢	2	grading_loophole	tuǒ		elliptical, oval-shaped; tubular	oval, elliptical	'tubular' is wrong.
橫	2	sense_of_other_reading	héng		horizontal, across; unreasonable, harsh	horizontal, across, sideways	'unreasonable, harsh' is hèng (蛮横).
檀	2	grading_loophole	tán		sandalwood, hardwood; surname	sandalwood; hardwood	Stray 'surname' alternative.
檃	2	wrong_sense	yǐn		a tool used to sharpen wood	tool for straightening bent wood (檃栝)	The tool straightens or shapes wood; it does not sharpen it.
檄	2	misleading_first_sense	xí		to order, to dispatch; urgency, a call to arms	official proclamation; call to arms	Main sense is the proclamation (檄文); 'to order, to dispatch' should not come first.
檗	2	grading_loophole	bò		tree	cork tree (Phellodendron)	'Tree' alone is too vague and would accept almost any answer.
櫪	2	wrong_sense	lì		oak tree; a stable	stable, manger	'oak' is 櫟; 櫪 means manger/stable (老驥伏櫪).
欧	2	grading_loophole	ōu		Europe, ohm; surname	Europe; ohm	The 'surname' alternative lets a wrong answer pass.
歉	2	misleading_first_sense	qiàn		deficient, lacking; to apologize, to regret, to be sorry	to apologize, apology, to be sorry; (of harvest) poor	The apology sense should come first; 'deficient' only occurs in 歉收 (poor harvest).
歔	2	wrong_sense	xū		to snort, to blow through the nose	to sob; to sigh	The modern use is in 歔欷 (sobbing), not snorting.
歷	2	main_sense_missing	lì		history; calendar	to go through, to experience; past, previous; history	'Calendar' belongs to traditional 曆; 歷's core meaning of experiencing or passing through is missing.
毛	2	main_sense_missing	máo		hair, fur, feathers; coarse	hair, fur, feathers; dime, 1/10 yuan; coarse	Missing the money unit sense, which is very common.
氅	2	wrong_sense	chǎng		overcoat; down feathers	cloak, overcoat	'down feathers' is not a modern meaning of this character.
汕	2	misleading_first_sense	shàn		bamboo; basket for catching fish; Shantou	Shantou (汕头), city in Guangdong	Fish-basket sense is archaic; the modern use is the place name.
江	2	grading_loophole	jiāng		large river; the Yangtze; surname	large river; the Yangtze	'surname' is a stray alternative that would accept a wrong answer.
汧	2	wrong_sense	qiān		marsh; to float; the name of a river in Shangdong	name of a river in Shaanxi; marsh	The Qian River (汧水/千河) is in Shaanxi, not Shandong (and 'Shangdong' is misspelled). 'To float' is doubtful.
汪	2	grading_loophole	wāng		vast, extensive, deep; surname	vast, deep (of water); woof (dog barking)	The 'surname' alternative accepts a vague answer; the modern dog-bark sense is missing.
沆	2	wrong_sense	hàng		ferry; fog; to go with the flow	vast expanse of water; night mist (in 沆瀣)	'Ferry' is not a standard modern meaning.
沣	2	wrong_sense	fēng		a river in Shanxi province	Feng River (in Shaanxi province)	The Feng River is in Shaanxi (陕西), not Shanxi (山西).
沩	2	wrong_sense	wéi		a river in Shanxi province	Wei River (in Hunan)	The 沩水 river is in Hunan, not Shanxi.
泉	2	grading_loophole	quán		spring, fountain; wealth, money	spring, fountain	'wealth, money' is an archaic sense.
泡	2	main_sense_missing	pào		bubble, blister; swollen, puffed up	bubble, blister; to soak, to steep (tea)	The very common verb sense 'to soak / to steep' (泡茶) is missing. 'swollen, puffed up' is really the pāo reading (泡松).
泷	2	misleading_first_sense	lóng		raining; wet, soaked; rapids; a river in Guangdong	rapids, torrent	The archaic senses 'raining; wet' come first. 'a river in Guangdong' is usually read shuāng (泷水), so it doesn't fit the stored reading lóng.
洳	2	unusable	rù		sdamp, boggy, marshy	damp, boggy, marshy	Typo: 'sdamp' should be 'damp'.
浏	2	main_sense_missing	liú		bright; clear; deep; swift	to browse, to glance over (as in 浏览); clear (of water)	Modern use is almost only 浏览 'browse'; listed senses are classical.
浜	2	wrong_sense	bāng		creek, stream; beach, coast	small stream, creek	'beach, coast' is the Japanese meaning. Chinese uses 滨 for 'shore'.
浦	2	grading_loophole	pǔ		beach, shore, river bank; surname	river bank, shore; river mouth	The stray 'surname' alternative would accept a wrong answer.
涂	2	grading_loophole	tú		to smear, to scribble, to daub; surname	to smear, to apply (paint), to daub; to scribble; to cross out	The stray 'surname' alternative accepts a wrong answer.
涉	2	unusable	shè		sconcerned, involved; to experience; to wade through a stream	to wade across; to involve, to concern; to experience	Typo: 'sconcerned' should be 'concerned'.
涖	2	wrong_sense	lì		creek; a river in Hebei province	to arrive, to be present (variant of 莅)	This is a variant of 莅, so 'creek / river in Hebei' is doubtful.
涨	2	misleading_first_sense	zhǎng		flood tide; to rise in price	to rise (of water, prices), to go up	The core sense is 'to rise'. 'Flood tide' is odd as the first gloss.
涸	2	misleading_first_sense	hé		tired, exhausted; dried up	dried up, to dry up	Main meaning is 'dried up' (干涸). 'Tired, exhausted' is an old sense and would accept a wrong answer.
淝	2	wrong_sense	féi		an affluent of the Poyang Lake	Fei River (in Anhui province)	淝水 is in Anhui (Battle of Feishui), not a tributary of Poyang Lake.
渊	2	grading_loophole	yuān		abyss, depth; to surge up, to bubble up	abyss, deep pool; deep, profound	'To surge up, to bubble up' is not a modern meaning of 渊.
渌	2	wrong_sense	lù		to strain	clear (water); name of a river (渌水)	'To strain' is the meaning of 漉. 渌 means clear water or is part of a river name.
渔	2	grading_loophole	yú		fisherman; to fish; to pursue; to sieze	to fish; fishing; to seize (unfairly), as in 渔利	'To pursue' is wrong or too vague, and 'sieze' is misspelled.
湮	2	sense_of_other_reading	yān		to block up; to sink; to stain	to bury, to submerge; to block up; to fall into oblivion	'to stain' belongs to the yīn reading (=洇); main yān sense is bury/submerge (湮没, 湮灭).
湿	2	grading_loophole	shī		wet, moist, humid, damp; illness	wet, moist, humid, damp	'Illness' is not a standalone modern meaning and would accept a wrong answer.
源	2	grading_loophole	yuán		spring; source, root, head; surname	source, origin; spring (of water)	Remove stray 'surname'.
溟	2	main_sense_missing	míng		drizzling rain; dark, obscure	sea, ocean; dark, obscure	Main meaning 'sea' (溟海, 北溟) is missing; 'drizzling rain' is an old, minor sense.
溺	2	misleading_first_sense	nì		to spoil, to pamper, to indulge; to drown	to drown; to spoil, to indulge excessively	The main modern meaning, 'to drown', should come first.
滁	2	wrong_sense	chú		a district in Anhui province	Chu (as in Chuzhou, a city in Anhui)	Refers to Chuzhou, a city, not a district.
漕	2	wrong_sense	cáo		canal, watercourse; to transport by sea	to transport (grain) by water; canal	The sense is transport by water or canal, not by sea.
漯	2	sense_of_other_reading	luò		a river in northern Shandong	used in 漯河 (Luohe), a city and river in Henan	The Shandong river sense belongs to the reading tà. With luò, the character means Luohe in Henan.
潦	2	sense_of_other_reading	lǎo		to flood; puddle; dejected, careless	to flood; puddle	dejected/careless are liáo (潦倒, 潦草)
澈	2	wrong_sense	chè		limpid, clear; thoroughly, completely	clear, limpid (of water)	'thoroughly, completely' belongs to 彻, not 澈.
澠	2	sense_of_other_reading	miǎn		the name of a river in Shandong	used in 澠池 Mianchi (county in Henan)	miǎn = Mianchi in Henan; the Shandong river is read shéng.
澳	2	main_sense_missing	ào		bay, cove, dock, inlet	Macau; Australia; bay, cove, inlet	Most common modern sense (Macau/Australia) missing.
濕	2	grading_loophole	shī		wet, moist, humid, damp; illness	wet, moist, humid, damp	'Illness' is a stray alternative, not a modern meaning.
瀆	2	main_sense_missing	dú		ditch, sluice, gutter, drain	to show disrespect, to profane (as in 亵渎, 渎职); ditch, drain	The common modern sense 'to profane, to show disrespect' is missing; 'ditch' is the older sense.
瀏	2	main_sense_missing	liú		bright; clear; deep; swift	to glance over, to browse (as in 浏览); clear, bright	The main modern use is 浏览 'to browse', which is missing.
灞	2	wrong_sense	bà		a river in Shanxi province	Ba River (in Shaanxi province)	The Ba River is in Shaanxi (陕西), not Shanxi (山西).
炏	2	wrong_sense	kài		grass	flame (variant of 炎)	The character is made of two 火 (fire), so 'grass' is almost certainly wrong. Check the reading too.
炒	2	grading_loophole	chǎo		to boil, to fry, to roast, to sauté; to trade stock	to stir-fry, to fry, to roast, to sauté; to speculate (in stocks etc.); to hype	'to boil' is wrong and would accept a wrong answer.
炯	2	wrong_sense	jiǒng		bright, brilliant; clear; hot	bright, shining; clear	'hot' is not a standard meaning.
炼	2	wrong_sense	liàn		to smelt, to refine; to distill, to condense	to smelt, to refine; to temper; to polish (writing)	'to distill, to condense' is not a proper sense of 炼.
烹	2	wrong_sense	pēng		cooking, cuisine; stir-fry	to cook, to boil; cooking	Main sense is to cook/boil; 'stir-fry' is 炒 and is wrong here.
焘	2	wrong_sense	dào		to shine, to illuminate; to cover, to envelop	to cover, to shelter	'to shine, to illuminate' isn't a sense of 焘; the dictionary meaning is 'to cover'.
煦	2	main_sense_missing	xù		kind, gentle, gracious	warm, balmy (sunshine); gentle, kind	The main meaning 'warm (sunshine)' is missing.
熊	2	grading_loophole	xióng		a bear; brilliant; surname	bear	'brilliant' is archaic (only in 熊熊 'blazing'); 'surname' lets a wrong answer pass.
熘	2	wrong_sense	liū		to steam, to stir-fry	to quick-fry with thick sauce, to sauté	'to steam' is wrong
牠	2	grading_loophole	tā		it; polled cattle	it (used for animals)	'polled cattle' is an archaic sense, not modern.
牡	2	wrong_sense	mǔ		male animal; key, door bolt	male (of animals/plants)	'Key, door bolt' is archaic and should be removed.
牯	2	wrong_sense	gǔ		cow, steer	bull; castrated bull	牯牛 means bull or castrated bull, not cow.
牸	2	wrong_sense	zì		female animal; to give birth	female animal (esp. cow)	'to give birth' is not a standard modern sense.
犊	2	wrong_sense	dú	dú	calf; sacrificial lamb	calf	'Sacrificial lamb' is wrong. This character just means calf.
犸	2	reading_wrong	mà	mǎ	mammoth	mammoth (as in 猛犸)	The standard reading is mǎ (猛犸 měngmǎ).
狃	2	wrong_sense	niǔ		greedy, covetous; accustomed to	to be accustomed to; to be bound by (convention)	'Greedy, covetous' is not a standard sense.
狄	2	grading_loophole	dí		barbarians; a tribe from northern China; surname	Di (ancient northern tribe)	The stray 'surname' alternative lets a wrong answer pass.
狙	2	misleading_first_sense	jū		monkey, ape; to spy, to watch for; to lie in ambush	to lie in ambush, to snipe; to watch for	'monkey' is archaic; modern sense is ambush/snipe (狙击).
狩	2	misleading_first_sense	shòu		winter hunting; a hunting dog; an imperial tour	to hunt; hunting	The main modern meaning is 'to hunt'. 'Hunting dog' is wrong, and 'imperial tour' is archaic.
猜	2	wrong_sense	cāi		to guess, to conjecture, to suppose; to feel	to guess, to conjecture, to suppose; to suspect	'to feel' is not a standard modern sense of 猜 and would accept a wrong answer; the modern secondary sense is 'to suspect' (猜疑).
獍	2	wrong_sense	jìng		the Manchurian tiger	mythical beast said to eat its father	'Manchurian tiger' is not correct.
獒	2	unusable	áo		smastiff, large fierce dog	mastiff, large fierce dog	Typo 'smastiff'.
獠	2	main_sense_missing	liáo		to hunt at night with torches	fang (as in 獠牙); ferocious-looking	Night hunting is archaic; the modern use is in 獠牙 and 青面獠牙.
珩	2	reading_wrong	háng	héng	central gem; crown jewel	top gem of a jade pendant	The standard reading is héng; háng is a variant. 'Crown jewel' is wrong.
理	2	misleading_first_sense	lǐ		science, reason, logic; to manage	reason, logic, principle; texture, grain; to manage; to pay attention to	'science' only in compounds like 理科; main sense is reason/principle.
瑕	2	grading_loophole	xiá		fault, default; a flaw in a gem	flaw in a gem, blemish; fault	'default' is wrong.
瑱	2	reading_wrong	zhèn	tiàn	a jade earring	jade ear-plug (ornament hung from a cap)	XHC standard reading is tiàn; zhèn is a secondary literary reading.
甄	2	grading_loophole	zhēn		to grade, to examine, to discern; surname	to examine, to discern, to screen	Stray 'surname' alternative accepts vague answers.
甫	2	wrong_sense	fǔ		to begin; man, father; great; a distance of ten li	just, only just; (courtesy name, archaic)	'a distance of ten li' is spurious/archaic; modern sense is 'just, only just' (甫一).
男	2	grading_loophole	nán		man, boy; male; baron; surname	man, boy; male; baron	Remove 'surname' alternative.
畲	2	main_sense_missing	shē		a field reclaimed by burning the forest	She ethnic group (畲族); field cleared by burning	Its main modern use is the She ethnic group name.
疚	2	misleading_first_sense	jiù		chronic disease; guilt, remorse; sorrow	guilt, remorse, compunction	'chronic disease' is archaic; modern sense is guilt (内疚, 愧疚).
疹	2	wrong_sense	zhěn		rash, measles; fever	rash; skin eruption	'fever' is wrong; measles is 麻疹.
痄	2	wrong_sense	zhà		scrofulous swellings or lumps	mumps (in 痄腮)	Used essentially only in 痄腮 'mumps'.
瘐	2	wrong_sense	yǔ		cold, hungry; to mistreat a prisoner	(of a prisoner) to die in prison from cold, hunger or abuse	'cold, hungry' is misleading on its own.
瘥	2	sense_of_other_reading	chài		to recover from disease; an epidemic	to recover from illness	'epidemic' belongs to the cuó reading.
瘸	2	wrong_sense	qué		lameness; paralysis of the hands or legs	lame, to limp	The 'paralysis of the hands' alternative is inaccurate.
瘾	2	misleading_first_sense	yǐn		rash; addiction, craving, habit	addiction, craving; habit	'rash' is only in 瘾疹; the main sense is addiction.
療	2	main_sense_missing	liáo		cured, healed; to recover	to treat, to cure (medically); therapy	The main modern sense is 'to treat (an illness)', as in 治疗 and 医疗; the stored gloss gives the result state instead.
癉	2	sense_of_other_reading	dān		bitter hatred; drought	illness from overwork; malarial fever	'Hatred' belongs to dàn reading; drought is obscure.
癖	2	wrong_sense	pǐ		craving, addiction; habit, hobby; indigestion	habit, addiction; craving; hobby	'Indigestion' is an archaic sense from classical medicine and would accept a wrong answer.
癮	2	misleading_first_sense	yǐn		rash; addiction, craving, habit	addiction, craving, habit	'rash' is an old sense (瘾疹) and shouldn't come first.
癯	2	unusable	qú		sthin, emaciated; tired, worn	thin, emaciated	The typo 'sthin' breaks answer matching.
皙	2	wrong_sense	xī		white; a kind of date	fair-skinned, white (of skin)	'a kind of date' is not a modern meaning of 皙 and would accept a wrong answer; its meaning is fair or white skin, as in 白皙.
盏	2	main_sense_missing	zhǎn		small cup or container	measure word for lamps; small cup	The main modern use, as a measure word for lamps, is missing.
盖	2	main_sense_missing	gài		to cover, to hide, to protect	to cover; lid, cover; to build	'Lid' and 'to build' are missing. 'To hide, to protect' are odd alternatives.
盞	2	main_sense_missing	zhǎn		small cup or container	measure word for lamps; small cup	Missing the common measure-word use (一盏灯).
盼	2	misleading_first_sense	pàn		to look, to gaze; to expect, to hope for	to hope for, to long for, to expect; to look	The main modern sense is 'to hope for / long for'; 'to look, to gaze' is secondary.
眈	2	wrong_sense	dān		to stare at, to gaze intently; to delay, to hinder	to gaze intently (as in 虎视眈眈)	'to delay, to hinder' belongs to 耽, not 眈.
眔	2	reading_wrong	dà	dà	to glance; to wink	to look at together (archaic)	This is a rare character. Keep the reading, but the gloss is doubtful.
眠	2	grading_loophole	mián		sleep, shut-eye, hibernatation	to sleep; dormancy, hibernation	'hibernatation' is a typo.
眦	2	wrong_sense	zì		eye socket; the corner of the eye	corner of the eye	'eye socket' is 眶, not 眦.
眩	2	misleading_first_sense	xuàn		to confuse; dazed, disoriented	dizzy, dazzled; dazed	The main sense is 'dizzy'; 'to confuse' should not come first.
眭	2	wrong_sense	suī		a piercing gaze; the evil eye	deep-set eyes; to stare	'Evil eye' is a doubtful gloss for this character.
眯	2	grading_loophole	mī		to squint, to narrow the eyes; blindness	to squint, to narrow the eyes; (of dust) to get in the eye	'blindness' is wrong.
眶	2	wrong_sense	kuàng		eye socket; the corner of the eye	eye socket, rim of the eye	'the corner of the eye' is 眦, not 眶.
眷	2	main_sense_missing	juàn		to take an interest in; to care for	family dependents; to care for, to regard with affection	The sense 'family members/dependents' (as in 家眷) is missing, and 'take an interest in' is off.
睚	2	wrong_sense	yá		to stare	corner of the eye	睚 = corner of the eye (睚眦), not 'to stare'.
睪	2	main_sense_missing	yì	gāo	to spy on	testicle (as in 睪丸)	In traditional usage 睪 is the form of 睾 gāo (睪丸); 'yì, to spy on' is archaic.
瞒	2	wrong_sense	mán		to deceive, to lie; to regard with suspicion	to hide the truth from, to deceive	'to regard with suspicion' is wrong and would accept a wrong answer.
瞞	2	wrong_sense	mán		to deceive, to lie; to regard with suspicion	to hide the truth from, to deceive	'to regard with suspicion' is wrong and would accept a wrong answer.
矜	2	main_sense_missing	jīn		to pity, to sympathize, to feel sorry for	reserved, restrained; proud, conceited; to pity	Missing the common sense reserved/proud (矜持, 骄矜).
砬	2	wrong_sense	lá		boulder; obelisk	large rock (as in 砬子)	'obelisk' is not a meaning of this character, so it would accept a wrong answer.
硌	2	misleading_first_sense	gè		hard, bulging	to press painfully against (something hard or bumpy), to hurt	Main meaning is hard objects pressing and hurting (硌脚); 'hard, bulging' misses it.
硖	2	wrong_sense	xiá		a town in Hebei province	used in place names, e.g. 硖石 (town in Haining, Zhejiang)	硖石 is in Zhejiang, not Hebei.
硪	2	wrong_sense	wò		a flat stone used as a mortar	stone rammer (for tamping earth)	硪 is a tamping stone/rammer, not a mortar.
碱	2	grading_loophole	jiǎn		alkaline, alkali, lye, salt	alkali, soda, lye; alkaline	'salt' is not a correct meaning of 碱 and would accept a wrong answer.
磬	2	grading_loophole	qìng		musical instrument; a kind of xylophone	stone chime (ancient percussion instrument)	A 磬 is a stone chime, not a xylophone, and 'musical instrument' alone would accept any instrument.
礁	2	wrong_sense	jiāo		jetty, reef	reef; submerged rock	'jetty' is wrong; 礁 means a reef or rock in the sea, not a man-made pier.
祝	2	grading_loophole	zhù		to pray; to wish well; surname	to wish well, to express good wishes; to pray	Remove the stray 'surname' alternative.
祿	2	main_sense_missing	lù		blessing, happiness, prosperity	official's salary, emolument; good fortune	Main sense 'official salary' (俸禄) is missing.
禄	2	main_sense_missing	lù		blessing, happiness, prosperity	official's salary; good fortune, blessing	Main sense is official's salary (俸禄).
禽	2	grading_loophole	qín		birds, fowl; to capture; surname	birds, fowl	'surname' and archaic 'to capture' (now 擒) are stray alternatives that let wrong answers pass.
秆	2	main_sense_missing	gǎn		straw, hay	stalk, stem	main sense stalk missing
秒	2	grading_loophole	miǎo		a second; a corn kernel; measure word for time	second (of time); measure word for seconds	'a corn kernel' is an archaic sense (awn of grain); remove.
秝	2	wrong_sense	lì		(Cant.) excessively thin	crops spaced evenly and sparsely	The Cantonese gloss 'excessively thin' is not the standard meaning.
突	2	main_sense_missing	tū		sudden, abrupt, unexpected	to protrude, to stick out; to dash, to charge; sudden	Core senses protrude (突出) / dash (突破) missing.
窾	2	wrong_sense	kuǎn		hole; hallow; empty	hole; hollow; empty	'hallow' is a typo for 'hollow'.
竟	2	misleading_first_sense	jìng		finally, after all, at last; indeed; unexpected	unexpectedly, actually; to finish; after all	Modern main sense is 'unexpectedly' (竟然); 'finally, at last' is classical.
竺	2	wrong_sense	zhú		India; bamboo; surname	India (as in 天竺); surname	'bamboo' is not a modern meaning.
笏	2	wrong_sense	hù		a tablet held by an overseer	tablet held by officials at court audiences	Held by court officials, not an overseer.
等	2	misleading_first_sense	děng		rank, grade; same, equal; to wait	to wait; rank, grade; equal; etc.	HSK1 main sense 'to wait' should be first.
箕	2	grading_loophole	jī		sieve; dust pan; garbage bag	dustpan; winnowing basket	'garbage bag' is wrong.
箨	2	wrong_sense	tuò		bamboo sheath, bamboo shoots	bamboo sheath	箨 is the sheath of a bamboo shoot, not the shoot itself; 'bamboo shoots' would accept a wrong answer.
範	2	grading_loophole	fàn		pattern, model, example; surname	pattern, model, example; limits, scope	'Surname' is a stray alternative that would accept a wrong answer.
篷	2	grading_loophole	péng		awning, covering; sail, tarp; boat	awning, covering; sail, tarp	'boat' is not a standalone modern meaning of 篷, so it would accept a wrong answer.
簋	2	wrong_sense	guǐ		bamboo basket for grain	gui (ancient round food vessel)	簋 is an ancient ritual food vessel, usually bronze. It is not really a bamboo basket for grain.
簸	2	sense_of_other_reading	bǒ		dustpan; to winnow, to toss	to winnow; to toss, to jolt	'dustpan' is 簸箕 bòji (bò reading), not bǒ.
粘	2	sense_of_other_reading	zhān		viscous, sticky, mucous, glutinous	to stick, to paste, to glue	The adjective 'sticky/viscous' is the nián reading (=黏); zhān is the verb 'to stick/paste' (粘贴).
粤	2	wrong_sense	yuè		Cantonese; Guandong province	Guangdong (province); Cantonese	'Guandong' is a typo for 'Guangdong'.
粵	2	wrong_sense	yuè		Cantonese; Guandong province	Cantonese; Guangdong province	'Guandong' is a misspelling of Guangdong.
糢	2	misleading_first_sense	mó		rice snacks	(variant of 模) as in 糢糊, blurred, indistinct	Modern use is only in 糢糊 = 模糊; 'rice snacks' is an obscure gloss.
紫	2	grading_loophole	zǐ		purple, violet; amethyst; surname	purple, violet	Stray 'surname' alternative accepts a wrong answer.
紺	2	wrong_sense	gàn		purple, violet	dark blue with a reddish tinge, navy	紺 is dark reddish-blue, not purple/violet.
絀	2	misleading_first_sense	chù		to stitch, to sew; insufficient	insufficient, deficient	Modern sense is insufficient (相形见绌); 'stitch' is archaic.
組	2	main_sense_missing	zǔ		to form, to assemble; section, department	group, team; to form, to organize	Core sense 'group' (小组, 组长) missing.
絨	2	wrong_sense	róng		cotton, silk, velvet, wool	fine hair, down; velvet; fleece, wool	'Cotton' is wrong: 绒 means down, velvet or fleece, and cotton is 棉.
綬	2	wrong_sense	shòu		a silk ribbon used as a seal	silk ribbon attached to a seal or medal	The ribbon is not itself a seal.
綹	2	grading_loophole	liǔ		skein; tuft, lock; wrinkle	tuft, lock (of hair); skein	'wrinkle' is not a standard modern meaning.
緋	2	grading_loophole	fēi		crimson, scarlet; purple	crimson, scarlet	'Purple' is not a meaning of 緋.
緯	2	wrong_sense	wěi		warp and woof; lines of latitude	weft, woof; latitude	緯 is the weft only. 'Warp and woof' would accept 'warp', which is 經.
繁	2	misleading_first_sense	fán		complex, difficult; many, diverse	numerous, abundant; complex, complicated	Main meaning 'numerous' should come first. 'difficult' is inaccurate.
織	2	wrong_sense	zhī		to knit, to weave; to organize, to unite	to weave, to knit	'to organize, to unite' comes from 組織, not a standalone meaning of 織; it would accept wrong answers.
繰	2	reading_wrong	qiāo	sāo	to spool, to reel	to reel (silk)	Reeling silk is read sāo (缫). The qiāo reading means to hem.
纂	2	grading_loophole	zuǎn		to edit, to compile; to tie a knot	to compile, to edit; hair bun	'to tie a knot' is not a standard modern sense.
纬	2	wrong_sense	wěi		warp and woof; lines of latitude	weft, woof; latitude	'warp and woof' is 经纬; 纬 alone is weft.
绅	2	wrong_sense	shēn		girdle, tie; gentry; to bend	gentry, gentleman; sash, girdle	'to bend' is not a valid meaning; gentry should lead.
绊	2	misleading_first_sense	bàn		a loop of thread; shackles, fetters; to stumble, to trip	to trip, to stumble; to hinder; fetters	'loop of thread' is archaic; main sense is to trip
绌	2	misleading_first_sense	chù		to stitch, to sew; insufficient	insufficient, inadequate	'to stitch, to sew' is archaic. The modern sense is 'insufficient', as in 相形见绌.
经	2	misleading_first_sense	jīng		the classics; to experience, to undergo	to pass through, to undergo, to experience; classic scripture	The everyday sense (as in 已经, 经过) should come first
绒	2	wrong_sense	róng		cotton, silk, velvet, wool	fine hair, down; velvet, wool yarn	'cotton' and 'silk' are not meanings of 绒 and accept wrong answers.
绢	2	wrong_sense	juàn		a kind of thick stiff silk	thin tough silk; silk fabric; handkerchief	绢 is thin silk, not thick.
绯	2	wrong_sense	fēi		crimson, scarlet; purple	crimson, scarlet	'purple' is wrong; 绯 means red.
绶	2	wrong_sense	shòu		a silk ribbon used as a seal	silk ribbon attached to a seal or medal	A 绶 is the ribbon attached to a seal, not a seal itself.
综	2	sense_of_other_reading	zōng		to sum up; to arrange threads for weaving	to sum up, to synthesize	The weaving/heddle sense is read zèng, not zōng.
缅	2	main_sense_missing	miǎn		distant, remote; to think of	Burma, Myanmar (缅甸); distant, remote; to recall, to think of (缅怀)	The common modern use 'Burma' is missing.
缉	2	sense_of_other_reading	jī		to sieze, to arrest; to stich closely	to seize, to arrest	'to stitch closely' is the qī reading. Also typos: sieze, stich.
缊	2	reading_wrong	yūn	yùn	tangled hemp, raveled silk; vague, confused	tangled hemp; old cotton wadding	XHC main reading is yùn (缊袍); yūn is only found in 细缊 (another way of writing 氤氲).
缯	2	sense_of_other_reading	zēng		silk; to tie, to bind; surname	silk fabric	'to tie, to bind' is the zèng reading; the 'surname' alternative should be removed.
罔	2	grading_loophole	wǎng		none; to deceive; to slander	to deceive; to disregard; not, none	'to slander' is not a standard modern sense.
罕	2	grading_loophole	hǎn		rare, scarce; surname	rare, scarce	stray 'surname'.
罹	2	misleading_first_sense	lí		sorrow, grief; to incur, to meet with	to suffer, to meet with (disaster), to contract (illness)	Modern use is 罹难/罹患; 'sorrow, grief' is a classical sense and shouldn't be first.
羌	2	grading_loophole	qiāng		Qiang nationality; surname	Qiang ethnic group	Stray 'surname' alternative lets a wrong answer pass.
羥	2	wrong_sense	qiǎng		hydroxide	hydroxyl	The character means hydroxyl (group), not hydroxide.
羯	2	wrong_sense	jié		wether, castrated ram; deer skin	castrated ram, wether; Jie (ancient ethnic group)	'deer skin' is not a modern meaning.
翘	2	sense_of_other_reading	qiào		outstanding; to elevate, to lift, to raise	to stick up, to tilt up, to raise	'outstanding' belongs to qiáo (翘楚).
翟	2	sense_of_other_reading	dí		long-tailed pheasant; plume; surname	long-tailed pheasant; pheasant plumes	Surname is read Zhái, not dí.
翰	2	wrong_sense	hàn		pen, pencil, writing brush	writing brush; writing, literature; feather	'pencil' is wrong.
翹	2	sense_of_other_reading	qiào		outstanding; to elevate, to lift, to raise	to stick up, to tilt upward, to raise	'outstanding'/'elevate' belong to qiáo (翹楚, 翹首).
翻	2	main_sense_missing	fān		to upset, to capsize, to flip over	to turn over, to flip; to translate; to climb over	Missing 'translate'.
耄	2	unusable	mào		selderly person; old, senile	elderly person (in one's 80s/90s); old, senile	Typo 'selderly'.
耸	2	misleading_first_sense	sǒng		to excite, to urge; to raise; to shrug; lofty, towering	towering, lofty; to shrug; to raise; to alarm	The old sense 'excite, urge' comes before the modern main senses.
聂	2	grading_loophole	niè		to whisper; surname	surname Nie	In modern use it's mainly a surname. 'to whisper' is archaic.
聱	2	wrong_sense	áo		bent, twisted; overcomplicated	difficult to pronounce, awkward (as in 佶屈聱牙)	'bent, twisted' is not the sense
肃	2	misleading_first_sense	sù		to pay respects; solemn, reverent	solemn, serious, respectful; to eliminate (as in 肃清)	Main meaning is solemn; 'to pay respects' is an older sense.
背	2	main_sense_missing	bèi		back, backside; to betray, to violate	back (of the body); to recite from memory; to turn away from; to betray	Missing the very common bèi meaning 'to recite from memory' (背书).
胞	2	misleading_first_sense	bāo		womb, placenta, fetal membrane	born of the same parents, sibling; compatriot; cell (as in 细胞); womb, placenta	Modern core uses are 同胞 and 细胞. The womb/placenta sense is secondary.
胡	2	main_sense_missing	hú		recklessly, foolishly; wildly	recklessly, foolishly; beard, moustache (胡子); (prefix for foreign things, e.g. 胡椒); surname Hu	The list leaves out beard (胡子) and the 'foreign' prefix sense (胡萝卜, 胡椒).
脚	2	wrong_sense	jiǎo		leg, foot; foundation, base	foot; base, foot (of a hill, etc.)	'leg' is not standard Mandarin meaning (that is 腿); accepts wrong answer.
脷	2	misleading_first_sense	lì		beef tongue	tongue (Cantonese)	Means tongue generally, not only beef tongue.
脾	2	wrong_sense	pí		spleen, pancreas; temper, disposition	spleen; temper, disposition	'pancreas' is incorrect.
腆	2	main_sense_missing	tiǎn		good, strong; prosperous; protruding	to stick out (belly); shy (as in 腼腆); abundant	The modern senses are 'to stick out one's belly' and 'shy' (in 腼腆). 'Good, strong' is archaic.
腊	2	misleading_first_sense	là		December; year's end sacrifice; dried meat	cured/dried (meat); twelfth lunar month	'December' is wrong: it's the lunar 12th month.
腮	2	main_sense_missing	sāi		jaw; gills	cheek; gills	Main meaning is cheek, not jaw.
膕	2	misleading_first_sense	guó		hollow, cavity	back of the knee, popliteal fossa	The meaning is specifically the back of the knee, not a generic hollow.
膜	2	wrong_sense	mó		membrane, film; to kneel and worship	membrane, film	'kneel and worship' only occurs in the set word 膜拜.
臧	2	wrong_sense	zāng		good, right; generous; to command	good, right; surname	'to command' is not a standard meaning; 'generous' is dubious.
芍	2	wrong_sense	sháo		peony; water chestnuts	herbaceous peony (in 芍药)	'water chestnuts' is archaic/obscure; would accept a wrong answer.
芥	2	grading_loophole	jiè		mustard, broccoli	mustard (plant); tiny thing, trifle	'Broccoli' is wrong; 芥蓝 is Chinese kale.
芮	2	main_sense_missing	ruì		tiny, small; the water's edge	surname Rui; small, tiny (literary)	mainly surname/place name
芴	2	main_sense_missing	wù	wù	an edible wild plant	fluorene (chemistry)	Main modern use is the chemical fluorene; 'edible wild plant' is classical.
苓	2	wrong_sense	líng		fungus, tuber; licorice	poria fungus (as in 茯苓); tuber	'Licorice' is doubtful; licorice is 甘草.
苕	2	sense_of_other_reading	sháo	tiáo	rush, reed; trumpet vine	reed flower; trumpet vine	Reed and trumpet-vine senses are read tiáo; sháo means sweet potato (dialect).
苞	2	grading_loophole	bāo		bud, flower; rush, reed; to bloom	bud; bract; luxuriant	'Rush, reed' is archaic and would accept wrong answers.
英	2	misleading_first_sense	yīng		petal, flower, leaf; brave, heroic; English	hero; outstanding, heroic; English; flower (literary)	Literary 'petal/flower/leaf' listed first; 'leaf' is wrong.
茂	2	wrong_sense	mào		thick, lush, dense; talented	luxuriant, lush, flourishing; rich and splendid	'talented' is a marginal literary sense.
范	2	grading_loophole	fàn		pattern, model, example; surname	pattern, model, example; limits, scope	'surname' as an alternative lets a vague answer pass.
茅	2	grading_loophole	máo		rushes, reeds, grass; surname	thatch grass, cogongrass, reeds	Stray 'surname' alternative accepts wrong answers.
茜	2	wrong_sense	qiàn		reed, madder; Rubia cordifolia	madder (Rubia cordifolia); madder red	'reed' is not a correct meaning of 茜.
茬	2	misleading_first_sense	chá		opportunity; farmland after the harvest	stubble; crop (in rotation); remark/point (话茬)	'opportunity' is not a standard sense; main sense stubble missing
茵	2	wrong_sense	yīn		mattress, cushion; wormwood, Skimmia japon	mattress, cushion; carpet of grass	The botanical alternative is cut off partway and is obscure.
茹	2	main_sense_missing	rú		roots, vegetables	to eat; to endure (as in 含辛茹苦)	'Roots, vegetables' is archaic. The main modern senses are to eat (茹素) and to endure.
荆	2	grading_loophole	jīng		thorns, brambles; surname	chaste tree; thorns, brambles	'surname' alternative accepts a wrong answer.
荐	2	wrong_sense	jiàn		to recommend; to recur, to repeat	to recommend; to introduce	'to recur, to repeat' is literary/archaic (荐臻) and would be accepted as a correct answer.
荑	2	sense_of_other_reading	tí		sprout; to weed	sprout; young shoot of grass	'to weed' is the yí reading; wrong for tí.
荤	2	misleading_first_sense	hūn		non-vegetarian food; garlic; a foul smell	meat dish, non-vegetarian food; pungent vegetables (garlic, onion)	'a foul smell' isn't a modern meaning.
荥	2	wrong_sense	xíng		a county in Henan; the sound of waves crashing	used in place names (荥阳 Xingyang, Henan)	'The sound of waves crashing' is not a modern sense. The place is 荥阳 (a city), not a county.
荮	2	wrong_sense	zhòu		grass	to wrap with straw; bundle (of bowls/dishes)	荮 does not mean grass.
药	2	wrong_sense	yào		drugs, medicine; the leaf of the Dahurian angelica plant	medicine, drug; chemical agent	The Dahurian angelica leaf is an archaic sense and should not be an accepted answer.
莓	2	misleading_first_sense	méi		moss; edible berries	berry (e.g. strawberry, blueberry)	modern sense is berry; 'moss' is misleading as the first sense
莲	2	wrong_sense	lián		lotus, water lily; paradise	lotus	'Paradise' is not a meaning of 莲.
莶	2	wrong_sense	xiān		vine	used in 豨莶 (St. Paul's wort, a herb)	Not a vine; it's a composite herb.
菁	2	main_sense_missing	jīng		turnip; a flower of the leek family	essence, the finest part (菁华); lush; turnip (蔓菁)	The 'essence/lush' sense is missing.
菟	2	reading_wrong	tú	tù	creeper, parasitic vine; Cuscuta sinensis 	dodder (in 菟丝子)	The main reading is tù in 菟丝子; tú is only used in 於菟 ('tiger').
萁	2	wrong_sense	qí		pulses, legumes	beanstalk	萁 means bean stalks (as in 豆萁); 'legumes' is 菽's meaning.
萝	2	wrong_sense	luó		carrot, radish, turnip	trailing or climbing plant; radish (in 萝卜)	Carrot is 胡萝卜; 萝 alone doesn't mean carrot or turnip.
落	2	grading_loophole	luò		to fall, to drop; surplus, net income	to fall, to drop; to fall behind; to land	'surplus, net income' is not a standard sense for luò.
蒂	2	misleading_first_sense	dì		root cause; the stem of a fruit; the peduncle of a flower	stem of a fruit; peduncle of a flower; base	Figurative 'root cause' should not lead.
蒔	2	reading_wrong	shí	shì	to transplant, to grow; dill, Anethum graveolens	to transplant, to grow	The main reading is shì (to transplant); shí is only used in 蒔蘿 (dill).
蒲	2	wrong_sense	pú		vine, rush	cattail, bulrush, rush	'vine' is wrong.
蒺	2	wrong_sense	jí		furze, gorse	caltrop, puncture vine (蒺藜)	Not furze/gorse.
蓬	2	wrong_sense	péng		disheveled, unkempt; a type of raspberry	fleabane (plant); disheveled, unkempt; measure word for clumps	'Raspberry' belongs to the compound 蓬蘽; the character mainly means fleabane or disheveled.
蔌	2	grading_loophole	sù		vegetables; surname	vegetables	Stray 'surname' alternative.
蔡	2	misleading_first_sense	cài		a species of tortoise; surname	surname Cai	Surname is the only modern use; the archaic tortoise sense should not be listed first.
蔣	2	misleading_first_sense	jiǎng		Hydropyrum latifalium; surname	surname Jiang	The surname is the main modern use. The wild-rice plant name is archaic.
蔭	2	sense_of_other_reading	yīn		shade, shelter; to protect	shade, shady	'to protect' is the yìn reading (荫庇).
蕃	2	reading_wrong	fān	fán	abundant, flourishing; barbarians, foreigners	luxuriant, flourishing; to multiply	Main reading fán (luxuriant). 'Barbarians/foreigners' belongs to the fān reading (same as 番).
蕙	2	wrong_sense	huì		a fragrant orchid; Coumarouna odorata	fragrant orchid (Cymbidium)	Coumarouna odorata is the tonka bean, not 蕙.
薄	2	sense_of_other_reading	báo		thin, slight; meager, weak; poor, stingy	thin (paper, ice); cold, indifferent; weak (of wine or tea)	'meager, weak, poor, stingy' are the bó sense.
薇	2	wrong_sense	wēi		a kind of fern; Osmunda regalis	wild vetch; (in 蔷薇) rose	Xiandai Hanyu Cidian: 巢菜 (vetch); Osmunda regalis (a fern) misleads.
薏	2	wrong_sense	yì		lotus seed; the seed of the Job's tear plant	Job's tears (coix seed)	'Lotus seed' is wrong; the modern meaning is only Job's tears (薏米/薏苡).
薜	2	wrong_sense	bì		evergreen shrub; Ligusticum	climbing fig (in 薜荔)	Ligusticum is wrong; 薜 is used in 薜荔 (Ficus pumila).
薦	2	wrong_sense	jiàn		to recommend; to recur, to repeat	to recommend; straw mat	'to recur, to repeat' is an old meaning; not modern.
薶	2	unusable	mái		sto bury; to dirty, to soil	to bury	Typo 'sto bury' in the prompt/answer key; 'to dirty, to soil' is a rare, doubtful extra meaning.
薹	2	main_sense_missing	tái		sedge, grass; Cyperus rotundus	bolt, flower stalk (of vegetables, e.g. garlic shoots)	Modern use is 蒜薹/菜薹 (flower stalk); 'sedge' is an old sense.
藥	2	wrong_sense	yào		drugs, medicine; the leaf of the Dahurian angelica plant	medicine, drug	Archaic/obscure 'leaf of Dahurian angelica' sense should be removed.
藻	2	misleading_first_sense	zǎo		splendid, magnificent; algae	algae, aquatic plants; literary embellishment	'Algae' is the main sense and should come first; 'splendid' is literary.
蘸	2	wrong_sense	zhàn		to dip (in ink, sauce, etc); to remarry	to dip (in ink, sauce, etc.)	'to remarry' is not a modern sense of 蘸.
虎	2	grading_loophole	hǔ		tiger; brave, fierce; surname	tiger; brave, fierce	'surname' is a stray alternative that would accept a wrong answer.
虢	2	wrong_sense	guó		an ancient feudal State in Shenxi and Hunan	Guo, an ancient state (in present-day Shaanxi and Henan); surname	The provinces are wrong: it should be Shaanxi and Henan, not 'Shenxi and Hunan'.
虮	2	wrong_sense	jǐ		nits, lice	nit, louse egg	虮 is the louse egg, not lice itself; 'lice' belongs to 虱.
蚧	2	wrong_sense	jiè		horny toad; red-spotted lizard	gecko (in 蛤蚧); scale insect	蛤蚧 is a gecko (tokay), not a horny toad.
蛸	2	sense_of_other_reading	shāo		octopus; long-legged spider; mantis nest	long-legged spider (蟏蛸)	mantis nest (螵蛸) is read xiāo; octopus is a Japanese use, not Mandarin.
蜀	2	main_sense_missing	shǔ		the name of an ancient state	Shu (ancient state; Three Kingdoms kingdom); Sichuan	Missing the common modern sense: short name for Sichuan.
蜉	2	wrong_sense	fú		wasp; mayfly; large ant	mayfly; large ant	'Wasp' is not a real meaning; it means mayfly in 蜉蝣 and large ant in 蚍蜉.
蜍	2	unusable	chú		toad (2)	toad (as in 蟾蜍)	Stray '(2)' in the meaning shown to learners.
蜒	2	misleading_first_sense	yán		millipede	winding, meandering (as in 蜿蜒); house centipede (as in 蚰蜒)	Today mostly used in 蜿蜒; 蚰蜒 is a house centipede, not a millipede.
蜿	2	wrong_sense	wān		to creep, to crawl	winding, meandering (as in 蜿蜒)	蜿 is used in 蜿蜒 'winding, sinuous'; 'to creep, to crawl' is not its modern meaning.
蝈	2	wrong_sense	guō		cicada, grasshopper; small green frog	katydid, bush cricket (as in 蝈蝈)	Not a cicada; 'small green frog' is archaic.
蝓	2	wrong_sense	yú		snail	slug (in 蛞蝓)	蛞蝓 is slug, not snail.
蝽	2	wrong_sense	chūn		bedbug	stinkbug, shield bug	蝽 means stinkbug (true bug), not bedbug (臭虫).
蝾	2	wrong_sense	róng		lizard	newt, salamander (in 蝾螈)	The character means newt or salamander, not lizard.
螋	2	wrong_sense	sōu		earwig, millipede, spider	earwig (in 蠼螋)	'millipede, spider' are wrong.
螨	2	wrong_sense	mǎn		mite, insect	mite	A mite is not an insect, so the 'insect' alternative accepts a wrong answer.
蟊	2	wrong_sense	máo		Spanish fly; grain-eating grub	insect pest that eats crop roots (as in 蟊贼)	Spanish fly is 斑蝥, not 蟊.
蟠	2	misleading_first_sense	pán		to occupy; to coil; curled up, coiled	to coil, to curl; coiled, curled up	Main sense is to coil (蟠龙); 'to occupy' is a minor extended sense and should not be first.
蟾	2	unusable	chán		toad (1)	toad	The '(1)' left in 'toad (1)' will show up to learners and throw off answer matching.
蠟	2	grading_loophole	là		candle, wax; maggot	wax; candle	'maggot' is not a modern meaning of 蠟 and lets a wrong answer pass.
蠡	2	misleading_first_sense	lí		termite; to bore	calabash ladle; used in place names	'termite; to bore' is archaic; the main sense is gourd ladle (管窥蠡测).
蠲	2	main_sense_missing	juān		millipede; glow-worm; bright, clear	to remit, to exempt (as in 蠲免); to cleanse; bright, clear	The main sense 'to remit/exempt' is missing, and the rare 'millipede' sense is listed first.
衅	2	main_sense_missing	xìn		to quarrel, to dispute; a blood sacrifice	rift, quarrel; to provoke (as in 挑衅)	Modern core sense of rift/provocation is missing; 'blood sacrifice' is archaic.
表	2	main_sense_missing	biǎo		to show, to express, to display; outside, appearance; a watch	table, form, chart; watch, meter; to show, to express; surface, outside; cousin (maternal)	Missing the very common meaning 'table/form' (表格, 时间表) and 'cousin' (表哥).
衩	2	sense_of_other_reading	chǎ		shorts, panties; a slit in a robe	shorts, underpants	'Slit in a robe' belongs to the reading chà (开衩). Chǎ only appears in 裤衩.
袁	2	grading_loophole	yuán		robe; surname	surname Yuan	'Robe' is an archaic sense. In modern use the character is only a surname.
袢	2	main_sense_missing	pàn		robe	loop, fastener (as in 纽袢)	The main meaning is a loop; 'robe' only applies in 袷袢.
裒	2	wrong_sense	póu		to gather, to collect, to assemble; to praise	to gather, to collect	'To praise' belongs to 褒 bāo, not 裒.
褊	2	unusable	biǎn		4cramped, narrow; crowded; urgent	narrow, cramped; narrow-minded	Stray '4' in translation breaks the first alternative.
褛	2	misleading_first_sense	lǚ		lapel, collar; tattered, threadbare	ragged, tattered (as in 褴褛)	'lapel, collar' is archaic; modern use is in 褴褛.
褰	2	misleading_first_sense	qiān		4undergarment; to pick up one's skirt	to lift up (clothes, skirt)	Remove the stray '4'. The main meaning is lifting up clothes, and 'undergarment' is archaic.
褸	2	misleading_first_sense	lǚ		lapel, collar; tattered, threadbare	tattered, threadbare, ragged	Modern use is essentially only in 褴褛 'ragged'; 'lapel, collar' is a rare dictionary sense and should not lead.
襄	2	wrong_sense	xiāng		to aid, to help, to assist; to undress	to assist, to help	'to undress' is not a modern meaning and would accept a wrong answer.
觜	2	sense_of_other_reading	zī	zuǐ	beak		'beak' is the zuǐ reading (variant of 嘴); zī is the constellation name. Either change the reading to zuǐ or the translation to 'Zi, a constellation (lunar mansion)'.
触	2	misleading_first_sense	chù		to butt, to gore, to ram; to touch	to touch, to contact; to butt, to gore	Main modern sense 'touch' should come first.
詡	2	wrong_sense	xǔ		to brag, to boast; popular, well-known	to brag, to boast	'popular, well-known' is not a standard modern meaning of 诩.
詰	2	reading_wrong	jí	jié	to question, to interrogate	to question, to interrogate	Standard modern reading is jié (詰問); jí only in 詰屈聱牙.
詹	2	misleading_first_sense	zhān		talkative, verbose; surname	surname Zhan; used in transliteration (e.g. 詹姆斯)	'talkative' is archaic; the character is mainly a surname or used in transliteration.
誌	2	wrong_sense	zhì		determination, will; mark, sign; to record, to write	to record, to write down; records, annals; mark, sign	誌 covers only the record/mark senses of 志; 'determination, will' is 志 only, even in traditional script.
談	2	grading_loophole	tán		to talk, to chat; conversation; surname	to talk, to chat; conversation	Stray 'surname' alternative.
諧	2	misleading_first_sense	xié		to joke, to jest; to harmonize, to agree	harmonious, in harmony; to agree; humorous	Main modern sense is harmonious (和谐); 'joke' comes mainly from 诙谐.
諶	2	grading_loophole	chén		faithful, sincere; surname	faithful, sincere	'surname' alternative would accept a wrong answer.
諷	2	misleading_first_sense	fěng		sarcastic; to chant, to mock, to ridicule	to satirize, to mock, to ridicule; sarcastic	'to chant' is a classical sense (讽诵) and shouldn't be an accepted answer.
諸	2	grading_loophole	zhū		all, many, various; surname	all, many, various	'surname' alternative would accept a wrong answer.
謐	2	wrong_sense	mì		calm, quiet, still; cautious	calm, quiet, still	'cautious' is not a modern meaning of 謐.
謨	2	wrong_sense	mó		to scheme, to plan; to practice	plan, strategy, scheme	'To practice' is not a standard meaning of 謨.
謾	2	sense_of_other_reading	mán		to slight, to insult; to deceive	to deceive; to lie	'To slight, to insult' belongs to the màn reading (谩骂 mànmà); with the mán reading it means to deceive.
譙	2	sense_of_other_reading	qiáo		tower; to ridicule, to blame; surname	watchtower	'To ridicule/blame' belongs to the qiào reading; 'surname' is a stray alternative.
讀	2	misleading_first_sense	dú		to study, to learn; to read, to pronounce	to read, to read aloud; to study	Main sense 'to read' should come first.
變	2	grading_loophole	biàn		to change, to transform, to alter; rebel	to change, to transform, to alter; incident, upheaval	'rebel' is misleading; the sense is 'upheaval/incident' (事变).
讨	2	misleading_first_sense	tǎo		to haggle, to discuss; to demand, to ask for	to ask for, to demand; to discuss; to provoke (讨厌)	'to haggle' is not the main sense and shouldn't come first.
讪	2	main_sense_missing	shàn		to abuse, to slander, to vilify; to ridicule	embarrassed, awkward; to mock, to ridicule	Modern sense 'embarrassed' (讪讪, 搭讪) is missing; 'abuse/vilify' is literary.
讵	2	wrong_sense	jù		an interjection of surprise	how could?; surely not (literary)	讵 is a literary rhetorical adverb, not an interjection of surprise.
讽	2	wrong_sense	fěng		sarcastic; to chant, to mock, to ridicule	to mock, to ridicule; sarcastic, satirical	'to chant' is archaic (讽诵) and would accept a wrong answer.
设	2	wrong_sense	shè		to build, to design; to establish; to offer	to set up, to establish; to arrange; if, suppose	'to build' is not a sense; 'design' belongs to 设计; the main sense 'set up' should come first.
诅	2	wrong_sense	zǔ		to curse; to pledge, to swear	to curse, to swear at, to damn	'to pledge, to swear (an oath)' is a classical sense (诅盟); in modern use 诅 means to curse (诅咒). 'to swear' may be taken as swearing an oath, which is misleading.
词	2	misleading_first_sense	cí		phrase, expression; words, speech	word, term; phrase, expression; lyrics	The main modern meaning is 'word', and it should come first.
诩	2	grading_loophole	xǔ		to brag, to boast; popular, well-known	to brag, to boast	'popular, well-known' is archaic, not modern usage.
诸	2	grading_loophole	zhū		all, many, various; surname	all, many, various	Remove the stray 'surname' alternative.
谂	2	main_sense_missing	shěn		to counsel, to consult for	to know, to be familiar with	The modern sense is 'to know well'. 'Counsel' is old literary usage.
谈	2	grading_loophole	tán		to talk, to chat; conversation; surname	to talk, to chat; conversation	Remove 'surname'.
谊	2	wrong_sense	yì		friendship; appropriate, suitable	friendship	'appropriate, suitable' is an archaic sense borrowed from 义, not modern.
谐	2	misleading_first_sense	xié		to joke, to jest; to harmonize, to agree	harmonious, in accord; to joke, humorous	The main sense is harmonize (和谐), not joke.
谡	2	wrong_sense	sù		to raise; to start, to prepare	rising; upright and dignified (literary)	The glosses 'to start, to prepare' are unsupported.
谩	2	sense_of_other_reading	mán		to slight, to insult; to deceive	to deceive	'to slight, insult' is màn (谩骂); mán only means to deceive.
豇	2	wrong_sense	jiāng		kidney bean; black-eyed pea	cowpea, black-eyed pea	豇豆 is the cowpea, not the kidney bean.
豈	2	wrong_sense	qǐ		what; how	how could (rhetorical question particle)	豈 is a rhetorical 'how could...?'; 'what' is wrong.
豫	2	main_sense_missing	yù		relaxed; hesitant	Henan (abbreviation); pleased, comfortable; hesitant (in 犹豫)	The main modern use is as the short name for Henan province, and it's missing. 'Relaxed' is only a literary sense, and 'hesitant' really only applies inside 犹豫.
貅	2	wrong_sense	xiū		fierce; brave, courageous	(used in 貔貅) mythical wild beast	Only occurs in 貔貅; the adjectives are misleading.
貉	2	reading_wrong	háo	hé	raccoon dog	raccoon dog	The standard reading is hé (一丘之貉); háo is only used in 貉子/貉绒.
貊	2	wrong_sense	mò		leopard; an ancient tribe in northeast China	an ancient tribe in northeast China	'leopard' is not a meaning of 貊 (confusion with 貘/豹).
貔	2	wrong_sense	pí		fox, leopard, panther	mythical beast (as in 貔貅)	Not fox/leopard/panther.
責	2	main_sense_missing	zé		one's responsibility, duty	to blame, to reproach; responsibility, duty	Core verb sense 'to blame/reproach' (责备) missing.
貸	2	grading_loophole	dài		to borrow; to lend; to pardon	loan; to lend; to borrow	'to pardon' is an archaic sense (as in 严惩不贷) that would accept a wrong answer; the main meaning 'loan' is missing.
貽	2	main_sense_missing	yí		to hand down, to give to, to bequeath	to bequeath, to leave behind; to give	The modern core use (贻害, 贻笑大方) means 'to leave behind / bequeath', so that should come first.
賂	2	grading_loophole	lù		bribery; to bribe; to present	bribery; to bribe	'to present' is archaic.
賃	2	wrong_sense	lìn		to rent, to lease; to hire; employee	to rent, to lease	'employee' is not a modern meaning of 赁.
賄	2	grading_loophole	huì		to bribe; riches, wealth	to bribe; bribe	'riches, wealth' is archaic.
賅	2	wrong_sense	gāi		to include; to prepare for	complete, comprehensive; to include	'to prepare for' is not a modern meaning, and 'complete' is missing.
賑	2	grading_loophole	zhèn		to relieve, to aid; rich	to relieve (disaster victims), to aid	'rich' is archaic.
賓	2	grading_loophole	bīn		guest, visitor; surname; submit	guest, visitor	'surname' and 'submit' (archaic) are stray alternatives.
賚	2	grading_loophole	lài		to bestow, to confer; surname	to bestow, to confer	The stray 'surname' alternative would accept a wrong answer.
賴	2	wrong_sense	lài		to depend on, to rely on; to bilk, to deny; poor	to rely on; to deny, to go back on one's word; to blame; bad (colloq.)	'poor' is misleading. The colloquial meaning is 'bad', not 'poor'.
贶	2	grading_loophole	kuàng		to bestow, to grant; surname	to bestow, to grant	The stray 'surname' alternative would accept a wrong answer.
贷	2	wrong_sense	dài		to borrow; to lend; to pardon	loan; to borrow; to lend	'to pardon' archaic
贿	2	wrong_sense	huì		to bribe; riches, wealth	to bribe; bribe	'riches, wealth' is archaic, not modern.
赃	2	wrong_sense	zāng		booty, loot; stolen goods; to bribe	stolen goods, loot, booty; bribe money	'to bribe' is not a meaning; 赃 is stolen goods or bribe money.
赞	2	misleading_first_sense	zàn	zàn	to help, to support; to laud, to praise	to praise, to laud; to support, to help	Main modern sense 'praise' should come first; 'help' is archaic-leaning.
赡	2	misleading_first_sense	shàn		rich, elegant; to support, to provide for	to support, to provide for; sufficient, abundant	Main modern sense is to support/provide for (赡养); 'rich, elegant' is literary and should not lead.
跂	2	wrong_sense	qí		to creep, to crawl	extra toe	As qí it means an extra toe; 'on tiptoe' is the qǐ reading. 'Creep, crawl' is wrong.
跏	2	wrong_sense	jiā		to squat, to sit cross-legged	to sit cross-legged (lotus position)	'to squat' is incorrect; 跏 only means sitting cross-legged (跏趺).
踟	2	wrong_sense	chí		hesitant, undecided; embarrassed	hesitant, to hesitate (as in 踟蹰)	'embarrassed' is not a meaning of 踟.
踶	2	wrong_sense	dì		paw	to kick (of a horse)	Core sense is to kick (of animals), not 'paw'.
蹚	2	wrong_sense	tāng		to trample, to wade; muddy, wet	to wade (through water or mud), to trample	'muddy, wet' are not meanings of 蹚.
蹬	2	sense_of_other_reading	dēng		to step on; to wear; to face bad luck	to step on, to pedal; to pull on (shoes)	'to face bad luck' comes from 蹭蹬 cèngdèng (dèng reading); remove.
蹭	2	main_sense_missing	cèng		to shuffle; to procrastinate, to freeload, to dilly-dally	to rub, to scrape; to shuffle along; to freeload	Main modern sense 'to rub/scrape against' is missing; 'procrastinate/dilly-dally' only applies in 磨蹭.
蹴	2	wrong_sense	cù		to leap; to kick; solemn	to kick; to tread on	'solemn' is an archaic sense (蹴然) and accepts a wrong answer; main sense is to kick.
軲	2	wrong_sense	gū		wheel; to revolve, to turn	wheel (in 轱辘)	'to revolve, to turn' is not a modern meaning. The character is only used in 轱辘 'wheel'.
軼	2	main_sense_missing	yì		to surpass, to overtake, to excel	lost, scattered (as in 轶事); to surpass	Main modern sense from 轶事/散轶 is missing.
輒	2	wrong_sense	zhé		often, readily; scattered; the weapon-rack of a chariot	always, then, at every turn (as in 动辄)	'scattered' is wrong; 'weapon-rack of a chariot' is archaic and would accept wrong answers.
辅	2	misleading_first_sense	fǔ		side road; to assist, to coach, to tutor	to assist, to help; to tutor	'Side road' is not a modern meaning and is shown first.
辕	2	wrong_sense	yuán		axle; magistrate's office; surname	shaft of a cart; magistrate's office	辕 is the cart shaft, not the axle. 'surname' is a stray alternative.
迂	2	main_sense_missing	yū		abstruse, pedantic, unrealistic	circuitous, roundabout; pedantic, impractical	The main meaning 'roundabout' (迂回) is missing, and 'abstruse' is wrong.
迨	2	wrong_sense	dài		while, until; to seize, to arrest	until, by the time; to take the chance while	'To arrest' is not a modern sense, and 'to seize' suggests grabbing someone. The real sense is 趁 (take the chance while).
迭	2	main_sense_missing	dié		repeatedly, frequently	to alternate, to change; repeatedly	The main meaning 'to alternate' (更迭) is missing.
追	2	wrong_sense	zhuī		to pursue, to chase after; to expel	to chase, to pursue; to investigate, to get to the bottom of; to recall	'to expel' is not a meaning of 追; lets a wrong answer pass.
逆	2	misleading_first_sense	nì		to disobey, to rebel; traitor, rebel	contrary, against, counter; to go against; to disobey; traitor	The main sense 'contrary, against the direction' (逆风) is missing.
递	2	wrong_sense	dì		to deliver, to hand over; substitute	to deliver, to hand over; successively, in order	'substitute' is not a meaning of 递.
逗	2	main_sense_missing	dòu		to entice, to tempt; to arouse, to stir	to tease, to amuse; funny; to entice, to arouse	Main modern sense 'to tease/amuse; funny' (逗孩子, 很逗) is missing.
逸	2	main_sense_missing	yì		to flee, to escape, to break loose	leisurely, at ease; to escape, to flee	The common modern meaning 'ease/leisure' (安逸) is missing.
遊	2	unusable	yóu		sto wander, to travel, to roam	to wander, to travel, to roam; to swim	Typo 'sto wander' in displayed prompt.
遐	2	wrong_sense	xiá		distant, far; to abandon, to cast away	distant, far; long-lasting	'To abandon' is an obscure classical sense.
遗	2	main_sense_missing	yí		to lose; a lost article	to leave behind, to bequeath; to lose; left over, remains	Core modern sense 'leave behind/bequeath' (遗产, 遗憾) missing.
遞	2	wrong_sense	dì		to deliver, to hand over; substitute	to hand over, to pass, to deliver; successively	'substitute' is not a standard meaning of 递; it would accept a wrong answer.
遢	2	reading_wrong	tà	tā	careless, negligent, slipshod	careless, sloppy (as in 邋遢)	Xiandai Hanyu Cidian gives 遢 as tā (unstressed in 邋遢 lāta), not tà.
適	2	misleading_first_sense	shì		match, comfortable; just	to fit, suitable; comfortable; just (now)	'match' is misleading; garbled glosses.
遴	2	grading_loophole	lín		to select, to choose; surname	to select, to choose	The stray 'surname' alternative would accept a wrong answer.
遺	2	main_sense_missing	yí		to lose; a lost article	to leave behind, to bequeath; to lose; relic, remains	Core sense 'leave behind/bequeath' missing.
邁	2	misleading_first_sense	mài		old; to pass by, to take a stride	to stride, to step; old, aged	'old' first is misleading; main sense is to stride.
邰	2	wrong_sense	tái		a state in Shanxi province; surname	surname Tai; ancient state in Shaanxi	The ancient state was in Shaanxi, not Shanxi.
邱	2	misleading_first_sense	qiū		mound, hill; grave; surname	surname Qiu	Used today essentially only as a surname; 'mound, hill; grave' is the archaic sense borrowed from 丘.
邴	2	wrong_sense	bǐng		an ancient city; pleased, happy; surname	surname Bing; an ancient place name	'Pleased, happy' is an archaic sense and would accept a wrong answer.
鄂	2	grading_loophole	è		Hubei province; startled	Hubei province (abbr.)	'startled' is an archaic loan sense (通愕).
酖	2	sense_of_other_reading	zhèn		poison, bad wine; addicted	poisoned wine; to poison (with wine)	'addicted' belongs to the dān reading (to indulge in drink); zhèn = 鸩 poison.
酝	2	misleading_first_sense	yùn		liquor, spirits, wine; to ferment	to brew, to ferment	The main modern sense is to brew/ferment (酝酿); 'liquor' should not come first.
酣	2	main_sense_missing	hān		to enjoy liquor	merry with drink; heartily, to one's heart's content; sound (sleep)	The modern sense from 酣睡 and 酣畅 is missing.
酰	2	wrong_sense	xiān		acylate	acyl (chemistry)	Means acyl (e.g. 乙酰), not the verb 'acylate'.
酶	2	grading_loophole	méi		enzyme; to ferment	enzyme	'to ferment' isn't a modern meaning.
酷	2	main_sense_missing	kù		strong, stimulating; ruthless, intense	cruel, ruthless; extremely; cool	The common modern senses are missing: 残酷 (cruel), 酷热 (extremely hot) and slang 'cool'. 'Strong' as the first sense misleads.
酾	2	reading_wrong	shāi	shī	to filter, to strain	to strain (wine); to pour wine	The standard reading is shī.
醇	2	wrong_sense	chún		rich, pure, as good as wine	alcohol (chemistry); mellow, rich (of wine); pure	'as good as wine' isn't a real meaning. The modern senses are the chemistry term 'alcohol' (乙醇) and 'mellow/rich' (香醇).
醑	2	main_sense_missing	xǔ		to filter, to strain	good wine; spirit (pharmaceutical tincture)	The main meaning is a noun, strained wine or a pharmaceutical spirit (樟脑醑). 'to filter, to strain' is a derived gloss.
醞	2	misleading_first_sense	yùn		liquor, spirits, wine; to ferment	to brew, to ferment; to prepare (as in 酝酿)	Main sense is to brew/ferment.
野	2	main_sense_missing	yě		field, open country; wilderness	wild, uncultivated; field, open country; wilderness	The core sense 'wild' (as in 野生) is missing.
鈉	2	grading_loophole	nà		sodium, natrium; to sharpen wood	sodium	'to sharpen wood' is an obsolete classical sense.
鈎	2	wrong_sense	gōu		hook, barb; sickle; to stroke	hook, barb; to hook	'to stroke' makes no sense; it probably comes from the hook stroke in writing characters. 'sickle' is also marginal.
鈕	2	grading_loophole	niǔ		button, knob; surname	button, knob	Stray 'surname' alternative.
鈷	2	grading_loophole	gǔ		cobalt; clothes-iron	cobalt	'clothes-iron' is archaic (from the old word 鈷鉧), not a modern meaning.
鉅	2	misleading_first_sense	jù		steel, iron; great	huge, great	The main modern meaning is 'huge, great' (same as 巨). 'steel, iron' is archaic and should not come first.
銎	2	wrong_sense	qióng		an axe's eyehole (for hanging it up)	socket (eye) of an axe for the handle	The hole is where the handle fits, not for hanging the axe up.
銲	2	wrong_sense	hàn		to solder, to weld; greaves	to solder, to weld	'greaves' is an archaic sense and would accept a wrong answer.
鋌	2	sense_of_other_reading	dìng		ingots, metal bars; to hurry	ingot, metal bar	'to hurry' belongs to tǐng (铤而走险).
鍵	2	misleading_first_sense	jiàn		lock, door bolt; key	key (of a keyboard or instrument); bond (chemistry); door bolt	The old 'lock, door bolt' sense comes before the modern 'key'.
鍾	2	grading_loophole	zhōng		cup, glass, goblet; surname	to concentrate (one's love) on; handleless cup, goblet	'surname' accepts a useless answer. The main modern sense (鍾情) and the variant-of-鐘 use are missing.
鎦	2	grading_loophole	liú		to distill; lutetium; surname	to gild (鎦金); to distill	'Surname' and outdated 'lutetium' are stray alternatives.
钥	2	wrong_sense	yào		lock, key	key	钥 means key, not lock.
钮	2	grading_loophole	niǔ		button, knob; surname	button, knob	'surname' alternative accepts a non-meaning answer.
钴	2	grading_loophole	gǔ		cobalt; clothes-iron	cobalt	'clothes-iron' is an old sense found only in 钴鉧.
铂	2	wrong_sense	bó		platinum; thin sheet metal	platinum	'Thin sheet metal' is an archaic sense (modern 箔).
铎	2	grading_loophole	duó		bell; surname	large bell, handbell	'surname' alternative would accept a wrong answer.
铘	2	misleading_first_sense	yé		sword	used in 镆铘 (Moye, a legendary sword)	It's only a component of 镆铘. It doesn't mean 'sword' by itself.
铙	2	wrong_sense	náo		cymbals, hand-bell; to disturb	cymbals; large bell	'to disturb' is an archaic loan use (=挠), not a modern meaning; would accept a wrong answer.
铡	2	wrong_sense	zhá		a sickle used to cut grass or hay	lever-knife for cutting fodder; to chop (with a lever-knife)	Not a sickle.
铩	2	wrong_sense	shā		spear; to injure	to cripple (wings); in 铩羽 (to suffer defeat); an ancient spear	'to injure' is too loose. The modern use is 铩羽.
铺	2	main_sense_missing	pù	pū	shop, store; bed, mattress	to spread, to lay out, to pave	Main modern reading is pū (to spread); pù (shop) is the secondary reading. The stored pù row is consistent but leaves out the main sense.
锏	2	wrong_sense	jiǎn		rapier; mace	ancient mace-like weapon (a four-edged metal club)	锏 is a blunt club, not a rapier.
锞	2	wrong_sense	kè		ingot; acrobatic move	small ingot (of gold or silver)	'Acrobatic move' is not a standard modern sense of 锞.
锺	2	grading_loophole	zhōng		cup, glass, goblet; surname	handleless cup, goblet; (variant of 钟) bell, clock	'surname' lets a wrong answer pass.
镡	2	reading_wrong	chán	xín	dagger, dirk, short-sword	guard of an ancient sword; tip of the sword hilt	Modern standard reading is xín (Tán as a surname); chán dagger sense is archaic.
閑	2	misleading_first_sense	xián		fence, guard; to defend; idle time	idle, unoccupied; leisure	The archaic sense 'fence' is listed before the main meaning 'idle'.
闵	2	wrong_sense	mǐn		to mourn, to grieve; to incite, to urge on	to pity, to grieve	'to incite, to urge on' is not a valid sense; mainly a surname and literary 'pity' (=悯).
闶	2	wrong_sense	kāng		door	used in 闶阆, an empty space inside a building	Read kāng, it only appears in 闶阆 (kāngláng); "door" is wrong.
阵	2	main_sense_missing	zhèn		row, column; ranks, troop formation	battle formation; position, front; measure word for a spell or burst; a period of time	Missing the common measure-word sense (一阵雨, 一阵子).
陀	2	main_sense_missing	tuó		steep bank, rough terrain	used in transliterations (e.g. 佛陀 Buddha); used in 陀螺 (spinning top); rough terrain	Only archaic sense given; modern use is transliteration / 陀螺.
陈	2	grading_loophole	chén		to display, to exhibit; to plead; surname	to display, to set out; to state, to explain; old, stale	'surname' is a stray alternative; the common sense 'old, stale' (陈旧) is missing; 'to plead' is marginal.
陣	2	main_sense_missing	zhèn		row, column; ranks, troop formation	battle formation, ranks; a spell, a burst (measure word)	Missing the common 'a spell/burst' measure word sense.
陳	2	main_sense_missing	chén		to display, to exhibit; to plead; surname	to display, to set out; old, stale; to state, to explain	Missing the common 'old, stale' sense (陈旧); 'surname' works as an answer.
隆	2	main_sense_missing	lóng		prosperous, plentiful, abundant	grand, prosperous; to bulge, to swell; intense	The core senses are missing: 隆重 (grand, solemn) and 隆起 (to bulge).
雄	2	main_sense_missing	xióng		alpha male, hero; manly	male; grand, imposing; powerful; hero	The main meaning 'male (of animals)' is missing, and 'alpha male' is an odd first sense.
雲	2	wrong_sense	yún		cloud; to say, to speak	cloud	'To say, to speak' belongs to classical 云, not to the traditional character 雲.
雷	2	grading_loophole	léi		thunder; surname	thunder	Stray 'surname' alternative.
霍	2	grading_loophole	huò		quickly, suddenly; surname	quickly, suddenly	The 'surname' alternative would accept a wrong answer.
霖	2	wrong_sense	lín		monsoon; a long spell of rain	continuous heavy rain, a long spell of rain	'Monsoon' is wrong; 霖 means prolonged rain.
霡	2	wrong_sense	mài		drizzle, light rain; favors, gifts	drizzle, light rain	'favors, gifts' is figurative/archaic; could accept wrong answers.
靚	2	sense_of_other_reading	jìng	liàng	ornament; pretty; to apply make-up	pretty, good-looking	'pretty' is the liàng reading; jìng only means to adorn/make-up.
靠	2	misleading_first_sense	kào		nearby; to depend on, to lean on, to trust	to lean on, to depend on, to rely on; to be near	Main sense is lean on/depend on; 'nearby' shouldn't be first.
靡	2	main_sense_missing	mí		to scatter, to disperse; to divide	wasteful, extravagant	mí = waste/extravagant (靡费, 奢靡); 'to fall, collapse' (风靡, 萎靡) belongs to mǐ; 'to divide' is archaic.
韙	2	unusable	wěi		right; proper; perpriety	right, proper; propriety	Typo 'perpriety'.
韪	2	unusable	wěi		right; proper; perpriety	right, proper	Typo: 'perpriety'.
順	2	main_sense_missing	shùn		to submit to, to obey, to go along with	along, in the same direction; smooth; to obey, to go along with	Core meanings 'along' and 'smooth' are missing.
頜	2	misleading_first_sense	hé		mouth; jaw	jaw	'mouth' is wrong
頡	2	sense_of_other_reading	jié		contest; to fly, to soar	(used in names, e.g. 仓颉)	fly/contest senses are xié (頡頏)
顆	2	main_sense_missing	kē		grain, kernel	measure word for small round things (grains, pearls, etc.); grain, kernel	Classifier use is the main modern sense.
題	2	misleading_first_sense	tí		forehead; headline, title; theme	topic, subject; title, headline; question (on a test)	'forehead' is archaic.
願	2	grading_loophole	yuàn		desire, wish; honest, virtuous; ready, willing	wish, desire; to be willing	'honest, virtuous' is the archaic sense of 愿, not 願.
顛	2	misleading_first_sense	diān		peak, summit, top; to upset	to jolt, to bump; upside down, to overturn; top, summit	Main modern sense is jolt/upside down (颠倒, 颠簸).
顺	2	main_sense_missing	shùn		to submit to, to obey, to go along with	along, in the same direction; smooth; to obey, to go along with	Core senses 'along' / 'smooth' missing.
顼	2	wrong_sense	xū		anxious, grieving	used in 颛顼 (Zhuanxu, a legendary emperor)	'anxious, grieving' is doubtful; the character is essentially only used in the name 颛顼.
顿	2	main_sense_missing	dùn		to pause; to bow; to arrange	measure word for meals, beatings etc.; to pause; suddenly	The very common measure-word use is missing.
颊	2	wrong_sense	jiá		cheeks, jaw	cheek	颊 is cheek only; 'jaw' belongs to 颌.
颌	2	wrong_sense	hé		mouth; jaw	jaw	'mouth' is not a correct meaning.
颐	2	wrong_sense	yí		cheeks, jaw; chin; rear; to nourish	cheek, chin; to nourish, to keep fit	'rear' is spurious; 'jaw' is loose.
颟	2	wrong_sense	mān		to idle, to dawdle; thoughtless, careless	used in 颟顸 (muddleheaded, careless)	'to idle, to dawdle' is wrong.
颠	2	misleading_first_sense	diān		peak, summit, top; to upset	to jolt, to bump; to fall, to overturn; top, summit	The main modern meaning is 'to jolt'. It should come first.
飆	2	unusable	biāo		whirlwind (1)	whirlwind, storm; to race, to soar	Stray '(1)' artifact in the prompt text; also missing modern 'to race/soar' (飙车, 飙升).
飒	2	misleading_first_sense	sà		bleak; melancholy; the howl of the wind	sound of the wind (rustling); valiant, dashing (飒爽)	The wind sound should come first. 'bleak; melancholy' is marginal.
飙	2	unusable	biāo		whirlwind (1)	whirlwind, gale; to soar, to go fast	There's a stray '(1)' in the text, and the modern sense 'to soar/race' is missing.
飚	2	unusable	biāo		whirlwind (2)	whirlwind, storm	The '(2)' in the meaning is a leftover data artifact and would show on writing cards.
饈	2	main_sense_missing	xiū		food, meal; to eat; to offer	delicacies, fine food	Main sense is delicacies (珍馐); 'to eat' and 'to offer' are doubtful.
饒	2	main_sense_missing	ráo		abundant, bountiful	abundant, plentiful; to spare, to forgive	Common modern sense 'to spare/forgive' (饶命, 饶恕) missing.
饞	2	misleading_first_sense	chán		greedy, gluttonous; lewd, lecherous	gluttonous, greedy for food; to crave	'lewd, lecherous' is not a standard modern sense.
饱	2	main_sense_missing	bǎo		satisfied; to eat one's fill	full (from eating), to have eaten one's fill; satisfied	Core sense 'full' is missing.
饼	2	misleading_first_sense	bǐng		rice-cake, pastry, biscuit	round flat cake; pastry, biscuit	Primary sense is round flat cake, not rice-cake.
馅	2	grading_loophole	xiàn		filling, stuffing; secret	filling, stuffing	'Secret' comes only from the phrase 露馅 and isn't a meaning of the character on its own.
馋	2	wrong_sense	chán		greedy, gluttonous; lewd, lecherous	greedy, gluttonous; to crave, envious	'Lewd, lecherous' is not a standard modern sense and would accept wrong answers.
馐	2	main_sense_missing	xiū		food, meal; to eat; to offer	delicacies, fine food	Main sense is delicacy (珍馐); 'to eat; to offer' are archaic and let wrong answers pass.
駁	2	misleading_first_sense	bó		variegated, motley; to refuse, to dispute	to refute, to contradict; to transport by barge; variegated	Modern main sense is 'to refute' (反驳); 'variegated' is literary.
駒	2	grading_loophole	jū		colt; fleet, swift; surname	colt, foal; fleet, swift	Remove the stray 'surname' alternative.
騮	2	wrong_sense	liú		a legendary horse	bay horse (red with black mane)	骝 means a red horse with a black mane (骅骝), not a 'legendary horse'.
驳	2	misleading_first_sense	bó		variegated, motley; to refuse, to dispute	to refute, to rebut; barge; mottled	Main modern sense 'to refute' should be first; 'variegated' is literary; barge (驳船) missing.
驹	2	grading_loophole	jū		colt; fleet, swift; surname	colt, foal; young horse	The 'surname' alternative would let a wrong answer pass.
骀	2	sense_of_other_reading	dài		tired old horse; tired, exhaused	used in 骀荡 (placid, pleasant)	'tired old horse' is the tái reading (驽骀); dài is 骀荡.
骝	2	wrong_sense	liú		a legendary horse	bay horse with a black mane	It means a real kind of horse (a bay), not a legendary one.
骶	2	wrong_sense	dǐ		coccyx, sacrum	sacrum	骶骨 = sacrum; coccyx is 尾骨.
髁	2	wrong_sense	kē		thigh bone, hip bone, kneecap	condyle (rounded end of a bone)	The modern meaning is condyle. Thigh bone / kneecap are wrong or outdated.
髓	2	misleading_first_sense	suǐ		substance, essence; bone marrow	bone marrow; marrow, pith; essence	The main modern meaning, bone marrow, should come first.
髡	2	misleading_first_sense	kūn		to shear a tree; an ancient punishment	to shave the head (an ancient punishment)	The main sense is shaving the head as a punishment. 'Shear a tree' is secondary.
鬥	2	sense_of_other_reading	dòu		to struggle, to fight, to contend; measuring cup	to struggle, to fight, to contend	'measuring cup' is 斗 dǒu, not 鬥 dòu.
魄	2	grading_loophole	pò		vigor, soul, body; the dark side of the moon	soul, spirit; vigor, boldness	'the dark side of the moon' is archaic; 'body' is misleading.
魯	2	main_sense_missing	lǔ		foolish, stupid, rash; vulgar	rash, crude, stupid; state of Lu; short name for Shandong	Missing the common proper sense (Lu/Shandong); 'vulgar' is questionable.
魷	2	wrong_sense	yóu		cuttlefish	squid	鱿鱼 is squid; cuttlefish is 墨鱼/乌贼.
鮑	2	grading_loophole	bào		abalone; dried fish; surname	abalone	The 'surname' alternative would accept a meaningless answer.
鮭	2	sense_of_other_reading	guī		salmon; Spheroides vermicularis	salmon	The pufferfish sense (Spheroides) belongs to the old reading xié, not guī.
鰥	2	misleading_first_sense	guān		huge fish; widower; bachelor	widower; bachelor	Huge fish is archaic; widower is the main sense.
鱷	2	main_sense_missing	è		alligator	crocodile, alligator	The main meaning is crocodile.
鱿	2	wrong_sense	yóu		cuttlefish	squid	鱿鱼 = squid; cuttlefish is 墨鱼.
鲁	2	main_sense_missing	lǔ		foolish, stupid, rash; vulgar	Lu (ancient state); Shandong (abbr.); dull, stupid; rash	Common modern senses (state of Lu, abbreviation for Shandong) missing.
鲍	2	grading_loophole	bào		abalone; dried fish; surname	abalone	'surname' lets wrong answers pass; 'dried fish' is archaic.
鲎	2	misleading_first_sense	hòu		king crab	horseshoe crab	'king crab' now means a different animal; the standard term is horseshoe crab.
鲑	2	wrong_sense	guī		salmon; Spheroides vermicularis	salmon	Spheroides vermicularis (a pufferfish) is an old sense; the modern meaning is salmon.
鳏	2	wrong_sense	guān		huge fish; widower; bachelor	widower; wifeless man	'Huge fish' is archaic.
鳐	2	misleading_first_sense	yáo		the nautilus; the ray	ray, skate	Main meaning is ray/skate; 'nautilus' is wrong.
鴆	2	main_sense_missing	zhèn		a bird resembling the secretary falcon	legendary poisonous bird; poisoned wine; to poison	Unihan-style description; the known sense is the poison bird / poisoned wine (饮鸩止渴).
鶖	2	wrong_sense	qiū	qiū	waterfowl; Garrulus glandarius	marabou stork (秃鹙)	Garrulus glandarius is the jay, which is wrong; 鹙 is the marabou stork.
鶼	2	wrong_sense	jiān		phoenix; fabulous mythical bird	mythical one-winged bird that flies in pairs (鹣鹣)	Not the phoenix (凤凰); remove 'phoenix'.
鷸	2	wrong_sense	yù		snipe, kingfisher	snipe, sandpiper	'kingfisher' is wrong (that is 翠鸟) and would accept a wrong answer.
鸩	2	misleading_first_sense	zhèn		a bird resembling the secretary falcon	legendary bird with poisonous feathers; poisoned wine; to poison	Main sense is poison/poisoned wine.
鸰	2	grading_loophole	líng		lark, wagtail; Motacilla species (various)	wagtail	'lark' is wrong; 鹡鸰 = wagtail.
鸳	2	misleading_first_sense	yuān		male mandarin duck (Aix galericulata)	mandarin duck	In modern use 鸳 means mandarin duck generally (鸳鸯). Limiting it to 'male' is misleading.
鹬	2	wrong_sense	yù		snipe, kingfisher	snipe, sandpiper	鹬 is a snipe or sandpiper. A kingfisher is 翠鸟, so 'kingfisher' would accept a wrong answer.
鹳	2	grading_loophole	guàn		crane, stork; Ciconia species (various)	stork; Ciconia species	'crane' is 鹤; accepting it would pass a wrong answer.
鹴	2	wrong_sense	shuāng		eagle	a kind of waterbird (as in 鹔鹴)	Not an eagle; appears in 鹔鹴, a legendary goose-like waterbird.
鹿	2	grading_loophole	lù		deer; surname	deer	The stray 'surname' alternative would accept a wrong answer.
麃	2	wrong_sense	páo		to plow, to till	roe deer	'to plow' is an archaic sense; the modern meaning is a deer (同狍).
麋	2	grading_loophole	mí		elk; surname	Père David's deer, elk	The stray 'surname' alternative would accept a wrong answer. 麋 mainly means Père David's deer (麋鹿).
麟	2	misleading_first_sense	lín		female unicorn	qilin (mythical animal), Chinese unicorn	'Female unicorn' is an old gloss; the modern meaning is qilin (麒麟).
麦	2	wrong_sense	mài		wheat, barley, oats	wheat, barley	Oats are 燕麦; 麦 alone is wheat/barley-type grain.
黃	2	grading_loophole	huáng		yellow; surname	yellow	'surname' alternative accepts a non-meaning answer.
黄	2	grading_loophole	huáng		yellow; surname	yellow	'surname' alternative accepts a non-meaning answer.
黎	2	grading_loophole	lí		many, numerous; black; surname	multitude, many; black; Li ethnic group	The 'surname' alternative lets a wrong answer pass. The Li ethnic group sense (黎族) is missing.
黔	2	misleading_first_sense	qián		black; the Guizhou province	Guizhou (abbreviation); black (literary)	'black' is archaic/literary; modern main use is Guizhou abbreviation.
鼉	2	wrong_sense	tuó		large reptile, water lizard	Chinese alligator	This is the Chinese alligator (扬子鳄); 'water lizard' is misleading.
鼐	2	wrong_sense	nài		incense tripod	large tripod cauldron	鼐 is a large ding cauldron, not specifically an incense tripod.
鼹	2	unusable	yǎn		a kind of insectivorous rodent	mole (animal)	The gloss is vague and wrong on the facts (moles aren't rodents), so it can't serve as a prompt.
鼻	2	grading_loophole	bí		nose; first	nose	'first' is a literary sense (as in 鼻祖) and would accept a wrong answer.
鼽	2	unusable	qiú		sclogged nose	clogged nose; stuffy nose	Typo 'sclogged' in the prompt/answer key.
龐	2	misleading_first_sense	páng		disorderly, messy; huge, big	huge, enormous; numerous and disordered	Main sense is huge (龐大); 'disorderly' only in 龐雜.
龔	2	misleading_first_sense	gōng	gōng	to give, to present; reverential	surname Gong	Modern use is essentially only the surname; 'to give, reverential' are archaic senses (variant of 供/恭).
